<?xml version="1.0" encoding="UTF-8"?>

<beans>
	<bean name="ep.bo.core.conquery.IQueryApply" pool="core_epsa" class="ep.boimpl.core.conquery.QueryApplyImpl">
		<method name="show*" propagation="SUPPORTS"/>
		<method name="initCondition" propagation="SUPPORTS"/>		
		<method name="save*" propagation="REQUIRED"/>
		<method name="delete*" propagation="REQUIRED"/>
		<method name="get*" propagation="SUPPORTS"/>
		<property name="iMaxCode">ep.bo.core.IMaxCode</property>
		<property name="iQueryCore">ep.bo.core.conquery.IQueryCore</property>
		<property name="iReport" method="setIReport">ep.bo.sainner.IReport</property>
	</bean>
</beans>
