<?xml version="1.0" encoding="UTF-8"?>

<beans>
	<bean name="ep.bo.core.conquery.IQueryConfig" pool="core_epsa" class="ep.boimpl.core.conquery.QueryConfigImpl">
		<method name="checkDeleteSystem" propagation="SUPPORTS"/>
		<method name="getSystemParamDataStore" propagation="SUPPORTS"/>
		<method name="checkDeleteDataSource" propagation="SUPPORTS"/>
		<method name="delete*" propagation="REQUIRED"/>		
		<property name="iQueryCore">ep.bo.core.conquery.IQueryCore</property>
		<property name="persistenceManager">com.neusoft.persistence.PersistenceManager</property>	
	</bean>
</beans>
