<?xml version="1.0" encoding="UTF-8"?>
<beans>
	<bean name="ep.component.core.ConQueryConfigController" pool="core_epsa">
		<method name="show*" propagation="SUPPORTS" />
		<method name="check*" propagation="SUPPORTS" />
		<method name="load*" propagation="SUPPORTS" />
		<method name="save*" propagation="REQUIRED" />
		<method name="delete*" propagation="REQUIRED" />		
		<property name="iQueryConfig">ep.bo.core.conquery.IQueryConfig</property>
		<property name="iQuerySelect">ep.bo.core.conquery.IQuerySelect</property>
		<property name="maxCode">ep.bo.core.IMaxCode</property>
		<property name="iReport" method="setIReport">ep.bo.sainner.IReport</property>
	</bean>
</beans>