<?xml version="1.0" encoding="UTF-8"?>
<beans>
	<bean name="ep.component.core.ExtQueryController" pool="core_epsa">
		<method name="show*" propagation="SUPPORTS" />
		<method name="check*" propagation="SUPPORTS" />
		<method name="appendButton" propagation="REQUIRED" />
		<method name="delete*" propagation="REQUIRED" />
		<method name="save*" propagation="REQUIRED" />
		<method name="analyseSql" propagation="REQUIRED" />		
		<method name="load*" propagation="SUPPORTS" />
		<method name="select*" propagation="SUPPORTS" />
		<method name="query*" propagation="SUPPORTS" />
		<method name="doQuery" propagation="SUPPORTS" />
		<property name="maxCode">ep.bo.core.IMaxCode</property>
		<property name="iExtQuery" method="setIExtQuery">ep.bo.core.IExtQuery</property>
		<property name="iUser" method="setIUser">ep.bo.saouter.IUser</property>
		<property name="menuBo" method="setMenuBo">ep.bo.sainner.IMenu</property>
		<property name="iReport" method="setIReport">ep.bo.sainner.IReport</property>
		<property name="iDept" method="setIDept">ep.bo.saouter.IDept</property>
		<property name="persistenceManager">com.neusoft.persistence.PersistenceManager</property>
	</bean>
</beans>