<?xml version="1.0" encoding="UTF-8"?>

<beans>
	<bean name="ep.component.core.NavigationController">
		<property name="factory">ep.component.core.composite.navigation.TemplateFactory</property>
		<property name="precommit">ep.boimpl.workflow.PreCommitWorkitemImpl</property>
		<property name="precomponent">cmp_workflow_workitem</property>
		<property name="preevent">showNextNodeActors</property>
		<property name="rollbackcomponent">cmp_workflow_workitem</property>
		<property name="rollbackevent">rollback</property>
	</bean>
</beans>
