<?xml version="1.0" encoding="UTF-8"?>
<beans>
	<bean name="ep.component.core.QueryTemplateController">
		<method name="show*" propagation="SUPPORTS" />
		<method name="list*" propagation="SUPPORTS" />
		<method name="loadSystem" propagation="SUPPORTS" />		
		<method name="checkSystemTemplate" propagation="SUPPORTS" />		
		<method name="checkName" propagation="SUPPORTS" />
		<method name="save*" propagation="REQUIRED" />
		<method name="delete*" propagation="REQUIRED" />		
		<method name="test" propagation="REQUIRED" />
		<method name="exportData" propagation="SUPPORTS" />
		<method name="doImport" propagation="REQUIRED" />
		<method name="showOrgSystem" propagation="SUPPORTS" />						
		<property name="maxCode">ep.bo.core.IMaxCode</property>
		<property name="iUser" method="setIUser">ep.bo.saouter.IUser</property>
		<property name="iDept" method="setIDept">ep.bo.saouter.IDept</property>
	</bean>
</beans>