<?xml version="1.0" encoding="UTF-8"?>
<beans>
	<bean name="ep.component.core.QuerySourceController">
		<method name="show*" propagation="SUPPORTS" />
		<method name="doExport" propagation="SUPPORTS" />
		<method name="get*" propagation="SUPPORTS" />
		<method name="save*" propagation="REQUIRED" />
		<method name="doImport" propagation="REQUIRED" />
		<method name="checkName" propagation="SUPPORTS" />		
		<method name="initRowSet" propagation="SUPPORTS" />		
		<method name="test" propagation="SUPPORTS" />
		<property name="maxCode">ep.bo.core.IMaxCode</property>
	</bean>
</beans>