<?xml version="1.0" encoding="UTF-8"?>
<beans>
	<bean name="ep.component.core.SqlQueryClassController" pool="core_epsa">
		<method name="show*" propagation="SUPPORTS" />
		<method name="loadQuery" propagation="SUPPORTS" />		
		<method name="reNameClass" propagation="SUPPORTS" />
		<method name="showQuery" propagation="SUPPORTS" />
		<method name="analyseSql" propagation="SUPPORTS" />
		<method name="saveQuery" propagation="REQUIRED" />
		<method name="delQuery" propagation="REQUIRED" />
		<method name="doQuery" propagation="SUPPORTS" />						
		<method name="query" propagation="SUPPORTS" />
		<method name="selectQuery" propagation="SUPPORTS" />		
		<method name="sqlQuery" propagation="SUPPORTS" />
		<method name="delClass" propagation="REQUIRED" />		
		<property name="maxCode">ep.bo.core.IMaxCode</property>
		<property name="iUser" method="setIUser">ep.bo.saouter.IUser</property>
		<property name="iReport" method="setIReport">ep.bo.sainner.IReport</property>
		<property name="iDept" method="setIDept">ep.bo.saouter.IDept</property>
		<property name="persistenceManager">com.neusoft.persistence.PersistenceManager</property>
	</bean>
</beans>