<?xml version="1.0" encoding="UTF-8"?>
<beans>
	<bean name="ep.component.core.SuperQuerySubTemplateController">
		<method name="show*" propagation="SUPPORTS" /> 	
		<method name="save*" propagation="REQUIRED" />		
		<method name="checkName" propagation="SUPPORTS" />
		<method name="doQuery" propagation="SUPPORTS" />
		<method name="loadSubTree" propagation="SUPPORTS" />
		<method name="setTemplate" propagation="SUPPORTS" />
		<method name="setCompute" propagation="SUPPORTS" />		
		<method name="delTemplate" propagation="REQUIRED" />				
		<property name="maxCode">ep.bo.core.IMaxCode</property>
		<property name="iUser" method="setIUser">ep.bo.saouter.IUser</property>
		<property name="iDept" method="setIDept">ep.bo.saouter.IDept</property>
		<property name="iSuperQuery" method="setSuperQuery">ep.bo.core.superquery.ISuperQuery</property>
	</bean>
</beans>