<?xml version="1.0" encoding="UTF-8"?>
<beans>
	<bean name="ep.component.core.SuperQueryClassController">
		<method name="show*" propagation="SUPPORTS" />
		<method name="loadSubject" propagation="SUPPORTS" />				
		<method name="save*" propagation="REQUIRED" />
		<method name="loadSubTree" propagation="SUPPORTS" />		
		<method name="reNameClass" propagation="REQUIRED" />
		<method name="delClass" propagation="REQUIRED" />
		<method name="delSubject" propagation="REQUIRED" />		
		<method name="checkRelation" propagation="SUPPORTS" />						
		<method name="checkColumn" propagation="SUPPORTS" />
		<method name="doExport" propagation="SUPPORTS" />
		<method name="doImport" propagation="REQUIRED" />
		<method name="checkImport" propagation="REQUIRED" />
		<property name="maxCode">ep.bo.core.IMaxCode</property>
		<property name="iSuperQuery" method="setSuperQuery">ep.bo.core.superquery.ISuperQuery</property>
	</bean>
</beans>