<?xml version="1.0" encoding="UTF-8"?>
<beans>
	<bean name="ep.component.core.SuperQueryQueryController">
		<method name="show*" propagation="SUPPORTS" /> 	
		<method name="doQuery" propagation="SUPPORTS" />
		<method name="loadTemplate" propagation="SUPPORTS" />		
		<method name="loadSubTree" propagation="SUPPORTS" />				
		<property name="iUser" method="setIUser">ep.bo.saouter.IUser</property>
		<property name="iDept" method="setIDept">ep.bo.saouter.IDept</property>
		<property name="persistenceManager">com.neusoft.persistence.PersistenceManager</property>
		<property name="iSuperQuery" method="setSuperQuery">ep.bo.core.superquery.ISuperQuery</property>
	</bean>
</beans>