<?xml version="1.0" encoding="UTF-8"?>

<beans>
	<bean name="ep.bo.core.IExtQuery" pool="core_epsa" class="ep.boimpl.core.ExtQueryImpl">
		<method name="createResource" propagation="SUPPORTS"/>
		<method name="doQuery" propagation="SUPPORTS"/>
		<property name="iResource" method="setIResource">ep.bo.sainner.IResource</property>
		<property name="iMaxCode" method="setIMaxCode">ep.bo.core.IMaxCode</property>
		<property name="iMenu" method="setIMenu">ep.bo.sainner.IMenu</property>
		<property name="persistenceManager">com.neusoft.persistence.PersistenceManager</property>
	</bean>
</beans>
