<?xml version="1.0" encoding="UTF-8"?>

<beans>
	<bean name="ep.bo.workflow.bean.PWorkformInstDao" pool="core_epsa">
		<property name="pWorkformInstExtDao" method="setPWorkformInstExtDao">ep.bo.workflow.bean.PWorkformInstExtDao</property>
		<method name="insert*" propagation="REQUIRED"/>
		<method name="query*" propagation="SUPPORTS"/>
		<method name="delete*" propagation="REQUIRED"/>
		<method name="get*" propagation="SUPPORTS"/>
		<method name="update*" propagation="REQUIRED"/>
		<method name="commitWorkInstance" propagation="REQUIRES_NEW"/>
	</bean>
</beans>
