<?xml version="1.0" encoding="UTF-8"?>

<beans>
	<bean name="ep.bo.saouter.IBRole" pool="core_epsa" class="ep.boimpl.saouter.BRoleImpl">
		<property name="iUser">ep.bo.saouter.IUser</property>
		<property name="iDept">ep.bo.saouter.IDept</property>
		<property name="iMRole">ep.bo.sainner.IMRole</property>
		<property name="agentBRoleNames">h0036,agentRole</property>
		<property name="iPopedomEntrust" method="setIPopedomEntrust">ep.bo.sainner.IPopedomEntrust</property>
		<method name="get*" propagation="SUPPORTS"/>
		<method name="query*" propagation="SUPPORTS"/>
		<method name="queryUserApp" propagation="SUPPORTS"/>
		<method name="save*" propagation="REQUIRED"/>
		<method name="del*" propagation="REQUIRED"/>
		<method name="add*" propagation="REQUIRED"/>
		<method name="remove*" propagation="REQUIRED"/>
		<method name="isCSAgentBRole" propagation="SUPPORTS"/>
		<method name="havePermission" propagation="SUPPORTS"/>
	</bean>
</beans>
