<?xml version="1.0" encoding="UTF-8"?>

<beans>
	<bean name="ep.bo.saouter.IDataResource" pool="core_epsa" class="ep.boimpl.saouter.DataResourceImpl">
		<property name="configFolder">resource/rowset/</property>
		<property name="filterModule">core,ep,workflow,sa*,acchg,bs*,cs*,de*,mk*</property>
		<property name="iResource" method="setIResource">ep.bo.sainner.IResource</property>
		<method name="saveRowSet" propagation="REQUIRED"/>
		<method name="query*" propagation="SUPPORTS"/>
	</bean>
</beans>
