<?xml version="1.0" encoding="UTF-8"?>

<beans>
	<bean name="ep.bo.saouter.IDeptScope" pool="core_epsa" class="ep.boimpl.saouter.DeptScopeImpl">
		<property name="userBo">ep.bo.saouter.IUser</property>
		<method name="get*" propagation="SUPPORTS"/>
		<method name="queryDepTreeData" propagation="SUPPORTS"/>
		<method name="queryRulesOrg" count="1" propagation="SUPPORTS"/>
		<method name="queryRulesRole" count="1" propagation="SUPPORTS"/>
		<method name="queryRulesUser" count="1" propagation="SUPPORTS"/>
		<method name="query*" propagation="SUPPORTS"/>
		<method name="save*" propagation="REQUIRED"/>
		<method name="add*" propagation="REQUIRED"/>
		<method name="delete*" propagation="REQUIRED"/>
		<method name="update*" propagation="REQUIRED"/>
		<method name="isDataScopeUsing" propagation="SUPPORTS"/>
	</bean>
</beans>
