<?xml version="1.0" encoding="UTF-8"?>

<beans>
	<bean name="ep.bo.saouter.IDept" pool="core_epsa" class="ep.boimpl.saouter.DeptImpl">
		<property name="deptDao">ep.bo.saouter.bean.DeptDao</property>
		<property name="userBo">ep.bo.saouter.IUser</property>
		<property name="rulesBo">ep.bo.saouter.IDeptScope</property>
		<method name="query*" propagation="SUPPORTS"/>
		<method name="save*" propagation="REQUIRED"/>
		<method name="delete*" propagation="REQUIRED"/>
		<method name="mergeDept" propagation="REQUIRED"/>
		<method name="cancelDept" propagation="REQUIRED"/>
		<method name="notCancelDept" propagation="REQUIRED"/>
	</bean>
</beans>
