<?xml version="1.0" encoding="UTF-8"?>

<beans>
	<bean name="ep.bo.saouter.IMsg" pool="core_epsa" class="ep.boimpl.saouter.MsgImpl">
		<property name="iUser" method="setIUser">ep.bo.saouter.IUser</property>
		<property name="iMaxCode" method="setIMaxCode">ep.bo.core.IMaxCode</property>
		<property name="socketManager" method="setSocketManager">com.neusoft.services.socket.SocketManager</property>
		<method name="send*" propagation="REQUIRED"/>
		<method name="query*" propagation="SUPPORTS"/>
		<method name="clear*" propagation="REQUIRED"/>
	</bean>
</beans>
