<?xml version="1.0" encoding="UTF-8"?>

<beans>
	<bean name="ep.bo.saouter.ITaskManager" pool="core_epsa" class="ep.boimpl.saouter.TaskManagerImpl">
		<property name="iTask">ep.bo.sainner.ITask</property>
		<property name="iMaxCode">ep.bo.core.IMaxCode</property>
		<property name="iLockManager">ep.bo.sainner.ILockManager</property>
		<method name="addTask" propagation="REQUIRED"/>
		<method name="cancelTask" propagation="REQUIRED"/>
		<method name="putBackTask" propagation="REQUIRED">
			<exception rollback="false">com.neusoft.services.task.TaskStatusException</exception>
		</method>
		<method name="recoverTask" propagation="REQUIRED"/>
		<method name="interruptTask" propagation="REQUIRED">
		  <exception rollback="false">com.neusoft.services.task.TaskStatusException</exception>
		</method>
		<method name="update*" propagation="REQUIRED"/>
		<method name="query*" propagation="SUPPORTS"/>
		<method name="get*" propagation="SUPPORTS"/>
	</bean>
</beans>
