<?xml version="1.0" encoding="UTF-8"?>

<beans>
	<bean name="ep.bo.saouter.ITIdmUser" pool="core_epsa" class="ep.boimpl.saouter.TIdmUserImpl">
		<property name="securityManager">com.neusoft.security.SecurityManager</property>
		<property name="checkInfo">
			<value name="userNotExistErr">用户名不存在</value>
	    	<value name="checkPasswordFailErr">密码错误</value>
	    	<value name="userIsLockErr">该用户被锁定，请联系管理员</value>
	    	<value name="userIsDeleteErr">该用户被删除，请联系管理员</value>
	    	<value name="loginForbidden">该用户禁止登录</value>
	    	<value name="loginErr">登录失败</value>
		</property>
		<property name="iLoginModuleTool">ep.bo.sainner.ILoginModuleTool</property>
		<method name="query*" propagation="SUPPORTS"/>
	</bean>
</beans>
