<?xml version="1.0" encoding="UTF-8"?>

<beans>
	<bean name="ep.bo.saouter.IUser" pool="core_epsa" class="ep.boimpl.saouter.UserImpl">
		<property name="iMaxCode">ep.bo.core.IMaxCode</property>
		<property name="iLoginModuleTool" method="setILoginModuleTool">ep.bo.sainner.ILoginModuleTool</property>
		<method name="query*" propagation="SUPPORTS"/>
		<method name="lockUser" propagation="REQUIRED"/>
		<method name="UnLockUser" propagation="REQUIRED"/>
		<method name="delUser" propagation="REQUIRED"/>
		<method name="unDelUser" propagation="REQUIRED"/>
		<method name="delUserEntirely" propagation="REQUIRED"/>
		<method name="isDeleteable" propagation="SUPPORTS"/>
		<method name="isUserValid" propagation="SUPPORTS"/>
		<method name="save*" propagation="REQUIRED"/>
		<method name="updateUser" propagation="REQUIRED"/>
		<method name="transferDept" propagation="REQUIRED"/>
		<method name="checkUserLogin" propagation="SUPPORTS"/>
	</bean>
</beans>
