<?xml version="1.0" encoding="UTF-8"?>
<component controller="ep.component.core.NavigationController">
	<event name="show" method="show" url="view.jsp" script="proc.js"></event>
	<event name="save" method="save" view="com.neusoft.component.view.AjaxView"></event>
	<event name="saveRecord" method="saveRecord" view="com.neusoft.component.view.AjaxView"></event>	
	<event name="commit" method="commit" view="com.neusoft.component.view.AjaxView"></event>
	<event name="doRollback" method="doRollback" view="com.neusoft.component.view.AjaxView"></event>	
	<event name="checkRollback" method="checkRollback" view="com.neusoft.component.view.AjaxView"></event>
</component>