<?xml version="1.0" encoding="UTF-8"?>

<component description="" controller="ep.component.core.ExtQueryController" concurrent="1">
	<event name="show" method="showSubject" url="view.jsp" script="proc.js"/>	
	<event name="showFrame" method="showFrame" url="frame.jsp" script="frame.js"/>
	<event name="showText" method="showText" url="text.jsp" script="text.js"/>
	<event name="editDefinition" method="showDefinition" url="definition.jsp" script="definition.js"/>
	<event name="loadDefine" method="loadDefine" view="com.neusoft.component.view.AjaxView"/>
	<event name="analyseSql" method="analyseSql" view="com.neusoft.component.view.AjaxView"/>
	<event name="deleteDefine" method="deleteDefine" view="com.neusoft.component.view.AjaxView"/>
	<event name="showPreview" method="showPreview" url="result.jsp" script="result.js"/>
	<event name="queryDetail" method="queryDetail" url="detail.jsp" script="detail.js"/>
	<event name="showPortlets" method="showPortlets" url="portlets.jsp" script="portlets.js"/>	
	<event name="showTab" method="showPortlets" url="tab.jsp" script="tab.js"/>	
	<event name="showTabPortlets" method="showPortlets" url="tabportlets.jsp" script="tabportlets.js"/>	
	<event name="doQuery" method="doQuery" view="com.neusoft.component.view.AjaxView"/>
	<event name="saveQuery" method="saveQuery" view="com.neusoft.component.view.AjaxView"/>
	<event name="select" method="select" url="select.jsp" script="select.js"/>	
	<event name="showLink" method="queryDefine" url="result.jsp" script="result.js"/>
	<event name="querySubject" method="querySubject" url="subjectView.jsp" script="subjectView.js"/>
	<event name="queryMenu" method="queryMenu" url="menu.jsp" script="menu.js"/>
	<event name="saveMenu" method="saveMenu" view="com.neusoft.component.view.AjaxView"/>
	<event name="queryButton" method="queryButton" url="button.jsp" script="button.js"/>
	<event name="saveButton" method="saveButton" view="com.neusoft.component.view.AjaxView"/>
	<event name="queryMenuTree" method="queryMenuTree" view="com.neusoft.component.view.AjaxView"/>
	<event name="checkRight" method="checkRight" view="com.neusoft.component.view.AjaxView"/>
	<event name="appendButton" method="appendButton" view="com.neusoft.component.view.AjaxView"/>
</component>
