<?xml version="1.0" encoding="UTF-8"?>
<component controller="ep.component.core.QuerySourceController">	
	<event name="show" method="show" url="view.jsp" script="proc.js"/>		
	<event name="save" method="save" view="com.neusoft.component.view.AjaxView"/>
	<event name="checkName" method="checkName" view="com.neusoft.component.view.AjaxView"/>
	<event name="initRowSet" method="initRowSet" view="com.neusoft.component.view.AjaxView"/>		
	<event name="formEdit" method="formEdit" url="form.jsp" script="form.js"/>				
	<event name="showList" method="showList" url="list.jsp" script="list.js"/>
	<event name="queryList" method="showList" url="querylist.jsp" script="querylist.js"/>								
	<event name="saveList" method="saveList" view="com.neusoft.component.view.AjaxView"/>
	<event name="doExport" method="doExport" view="com.neusoft.component.view.AjaxView"/>
	<event name="doImport" method="doImport" view="com.neusoft.component.view.AjaxView"/>
	<event name="showImport" method="showImport" url="import.jsp" script="import.js"/>
</component>