<?xml version="1.0" encoding="UTF-8"?>

<component description="" controller="ep.component.core.SuperQueryClassController" concurrent="1">
	<event name="show" method="show" url="view.jsp" script="proc.js"/>
	<event name="save" method="save" view="com.neusoft.component.view.AjaxView"/>
	<event name="showSubject" method="showSubject" url="subject.jsp" script="subject.js"/>
	<event name="reNameClass" method="reNameClass" view="com.neusoft.component.view.AjaxView"/>	
	<event name="delClass" method="delClass" view="com.neusoft.component.view.AjaxView"/>
	<event name="delSubject" method="delSubject" view="com.neusoft.component.view.AjaxView"/>
	<event name="checkRelation" method="checkRelation" view="com.neusoft.component.view.AjaxView"/>
	<event name="loadSubject" method="loadSubject" view="com.neusoft.component.view.AjaxView"/>	
	<event name="loadSubTree" method="loadSubTree" view="com.neusoft.component.view.AjaxView"/>			
	<event name="checkColumn" method="checkColumn" view="com.neusoft.component.view.AjaxView"/>
	<event name="doExport" method="doExport" view="com.neusoft.component.view.AjaxView"/>		
	<event name="doImport" method="doImport" view="com.neusoft.component.view.AjaxView"/>
	<event name="showImport" method="showImport" url="import.jsp" script="import.js"/>
	<event name="checkImport" method="checkImport" view="com.neusoft.component.view.AjaxView"/>	
</component>
