<?xml version="1.0" encoding="UTF-8"?>

<component description="" controller="ep.component.core.ConQueryConfigController" concurrent="1">
	<event name="showSystem" method="showSystem" url="system.jsp" script="system.js"/>
	<event name="saveSystem" method="saveSystem" view="com.neusoft.component.view.AjaxView"/>
	<event name="showDataSource" method="showDataSourceList" url="dataSourceList.jsp" script="dataSourceList.js"/>
	<event name="showFunction" method="showFunction" url="function.jsp" script="function.js"/>	
	<event name="deleteFunction" method="deleteFunction" view="com.neusoft.component.view.AjaxView"/>
	<event name="saveFunction" method="saveFunction" view="com.neusoft.component.view.AjaxView"/>
	<event name="showParameter" method="showParameter" url="parameter.jsp" script="parameter.js"/>	
	<event name="loadParameter" method="loadParameter" view="com.neusoft.component.view.AjaxView"/>
	<event name="saveParameter" method="saveParameter" view="com.neusoft.component.view.AjaxView"/>
	<event name="loadDataSource" method="loadDataSource" view="com.neusoft.component.view.AjaxView"/>
	<event name="showSqlDataSource" method="showDataSource" url="sqlDataSource.jsp" script="sqlDataSource.js"/>
	<event name="parameterSelect" method="loadParameterSelect" url="parameterSelect.jsp" script="parameterSelect.js"/>
	<event name="parameterMultiSelect" method="loadParameterSelect" url="parameterMultiSelect.jsp" script="parameterMultiSelect.js"/>
	<event name="analyseSql" method="analyseSql" view="com.neusoft.component.view.AjaxView"/>
	<event name="analyseJava" method="analyseJava" view="com.neusoft.component.view.AjaxView"/>	
	<event name="saveDataSource" method="saveDataSource" view="com.neusoft.component.view.AjaxView"/>
	<event name="checkDeleteDataSource" method="checkDeleteDataSource" view="com.neusoft.component.view.AjaxView"/>
	<event name="deleteDataSource" method="deleteDataSource" view="com.neusoft.component.view.AjaxView"/>
	<event name="copyDataSource" method="copyDataSource" view="com.neusoft.component.view.AjaxView"/>	
	<event name="functionSelect" method="showFunctionList" url="functionSelect.jsp" script="functionSelect.js"/>	
	<event name="showJavaDataSource" method="showDataSource" url="javaDataSource.jsp" script="javaDataSource.js"/>
	<event name="showJump" method="showJump" url="showJump.jsp" script="showJump.js"/>	
	<event name="saveJump" method="saveJump" view="com.neusoft.component.view.AjaxView"/>
</component>
