<?xml version="1.0" encoding="UTF-8"?>
<component controller="ep.component.core.LuceneSearchController">	
	<event name="show" method="show" url="view.jsp" script="proc.js"/>	
	<event name="search" method="search" view="com.neusoft.component.view.AjaxView"/>
	<event name="createIndex" method="createIndex" view="com.neusoft.component.view.AjaxView"/>
	<event name="showIndex" method="showIndex" url="index.jsp" script="index.js"/>	
	<event name="fileSearch" method="fileSearch" view="com.neusoft.component.view.AjaxView"/>
	<event name="showMap" method="showMap" view="com.neusoft.component.view.AjaxView"/>
	<event name="menuTree" method="menuTree" view="com.neusoft.component.view.AjaxView"/>
	<event name="funcTree" method="funcTree" url="funcTree.jsp" script="dtree.js"/>
</component>