<?xml version="1.0" encoding="UTF-8"?>

<component description="" controller="ep.component.core.EmailInboxController" concurrent="1">
	<event name="show" method="show" url="view.jsp" script="proc.js"/>
	<event name="read" method="read" url="read.jsp" script="read.js"/>
	<event name="download" method="download" view="com.neusoft.component.view.DownloadView"/>
	<event name="refresh" method="refresh" view="com.neusoft.component.view.AjaxView"/>
	<event name="showReply" method="showReply" url="reply.jsp" script="reply.js"/>
	<event name="reply" method="reply" view="com.neusoft.component.view.AjaxView"/>
	<event name="delete" method="delete" view="com.neusoft.component.view.AjaxView"/>
	<event name="receive" method="receive" view="com.neusoft.component.view.AjaxView"/>
</component>
