<?xml version="1.0" encoding="UTF-8"?>

<component description="" controller="ep.component.core.SuperQuerySubTemplateController" concurrent="1">
	<event name="show" method="show" url="view.jsp" script="proc.js"/>	
	<event name="setTemplate" method="setTemplate" url="template.jsp" script="template.js"/>	
	<event name="save" method="save" view="com.neusoft.component.view.AjaxView"/>
	<event name="doQuery" method="doQuery" url="result.jsp" script="result.js"/>
	<event name="showGrid" method="showGrid" view="com.neusoft.component.view.AjaxView"/>		
	<event name="delTemplate" method="delTemplate" view="com.neusoft.component.view.AjaxView"/>			
	<event name="loadSubTree" method="loadSubTree" view="com.neusoft.component.view.AjaxView"/>
	<event name="checkName" method="checkName" view="com.neusoft.component.view.AjaxView"/>	
	<event name="setCompute" method="setCompute" url="compute.jsp" script="compute.js"/>		
</component>
