<?xml version="1.0" encoding="UTF-8"?>

<component description="" controller="ep.component.core.SqlQueryClassController" concurrent="1">
	<event name="show" method="show" url="view.jsp" script="proc.js"/>
	<event name="loadQuery" method="loadQuery" view="com.neusoft.component.view.AjaxView"/>
	<event name="reNameClass" method="reNameClass" view="com.neusoft.component.view.AjaxView"/>
	<event name="showQuery" method="showQuery" url="query.jsp" script="query.js"/>
	<event name="analyseSql" method="analyseSql" view="com.neusoft.component.view.AjaxView"/>
	<event name="saveQuery" method="saveQuery" view="com.neusoft.component.view.AjaxView"/>
	<event name="delQuery" method="delQuery" view="com.neusoft.component.view.AjaxView"/>
	<event name="showPreview" method="showPreview" url="result.jsp" script="result.js"/>		
	<event name="doQuery" method="doQuery" view="com.neusoft.component.view.AjaxView"/>
	<event name="selectQuery" method="selectQuery" url="select.jsp" script="select.js"/>	
	<event name="query" method="query" url="result.jsp" script="result.js"/>
	<event name="sqlQuery" method="sqlQuery" url="sqlview.jsp" script="sqlview.js"/>
	<event name="delClass" method="delClass" view="com.neusoft.component.view.AjaxView"/>	
</component>
