<?xml version="1.0" encoding="gb2312"?>
<component controller="ep.component.core.QueryTemplateController">
	<event name="show" method="show" url="viewUser.jsp" script="proc.js"/>
	<event name="showSystem" method="showSystem" url="view.jsp" script="proc.js"/>	
	<event name="saveSystem" method="saveSystem" view="com.neusoft.component.view.AjaxView"/>	
	<event name="showOrgSystem" method="showOrgSystem" url="viewSystem.jsp" script="viewSystem.js"/>	
	<event name="checkName" method="checkName" view="com.neusoft.component.view.AjaxView"/>
	<event name="checkSystemTemplate" method="checkSystemTemplate" view="com.neusoft.component.view.AjaxView"/>		
	<event name="save" method="save" view="com.neusoft.component.view.AjaxView"/>
	<event name="list" method="list" url="list.jsp" script="list.js"/>
	<event name="loadSystem" method="loadSystem" view="com.neusoft.component.view.AjaxView"/>
	<event name="deleteOrgSystem" method="deleteOrgSystem" view="com.neusoft.component.view.AjaxView"/>	
	<event name="saveOrgSystem" method="saveOrgSystem" view="com.neusoft.component.view.AjaxView"/>	
	<event name="export" method="list" url="export.jsp" script="export.js"/>
	<event name="showImport" method="showImport" url="import.jsp" script="import.js"/>
	<event name="doImport" method="doImport" view="com.neusoft.component.view.AjaxView"/>
	<event name="exportData" method="exportData" view="com.neusoft.component.view.AjaxView"/>
	<event name="deleteNow" method="deleteNow" url="viewUser.jsp" script="proc.js"/>
	<event name="test" method="test" url="viewUser.jsp" script="proc.js"/>
	<event name="display" method="display" view="com.neusoft.component.view.AjaxView" controller="ep.component.core.query.DisplayController"/>	
</component>