<?xml version="1.0" encoding="UTF-8"?>

<beans>
	<bean name="ep.component.saouter.SelectUserByRoleController" intercept="false">
		<property name="iUser" method="setIUser">ep.bo.saouter.IUser</property>
		<property name="iDept" method="setIDept">ep.bo.saouter.IDept</property>
		<property name="iDeptScope" method="setIDeptScope">ep.bo.saouter.IDeptScope</property>
		<property name="iBRole" method="setIBRole">ep.bo.saouter.IBRole</property>
		<property name="iMRole" method="setIMRole">ep.bo.sainner.IMRole</property>
	</bean>
</beans>
