<?xml version="1.0" encoding="UTF-8"?>

<component description="" controller="ep.component.sainner.DeptscopeManageController" concurrent="0">
	<event name="show" method="show" description="显示" url="show.jsp" script="proc.js"/>
	<event name="showRules" method="showRules" description="显示规则列表" view="com.neusoft.component.view.AjaxView"/>
	<event name="showRulesDetail" method="showRulesDetail" description="显示规则详细" view="com.neusoft.component.view.AjaxView"/>
	<event name="showUserDialog" method="showUserDialog" description="显示添加规则内容对话框(用户)" url="userDetailDialog.jsp" script="userDetailDialog.js"/>
	<event name="showRoleDialog" method="showRoleDialog" description="显示添加规则内容对话框(角色)" url="roleDetailDialog.jsp" script="roleDetailDialog.js"/>
	<event name="showOrgDialog" method="showOrgDialog" description="显示添加规则内容对话框(部门)" url="orgDetailDialog.jsp" script="orgDetailDialog.js"/>
	<event name="showUserEditDialog" method="showUserEditDialog" description="显示编辑规则内容对话框(用户)" url="userEditDetailDialog.jsp" script="userDetailDialog.js"/>
	<event name="showRoleEditDialog" method="showRoleEditDialog" description="显示编辑规则内容对话框(角色)" url="roleEditDetailDialog.jsp" script="roleDetailDialog.js"/>
	<event name="showOrgEditDialog" method="showOrgEditDialog" description="显示编辑规则内容对话框(部门)" url="orgEditDetailDialog.jsp" script="orgDetailDialog.js"/>
	<event name="saveUserDetail" method="saveUserDetail" description="添加用户数据" view="com.neusoft.component.view.AjaxView"/>
	<event name="saveRoleDetail" method="saveRoleDetail" description="添加角色数据" view="com.neusoft.component.view.AjaxView"/>
	<event name="saveOrgDetail" method="saveOrgDetail" description="添加部门数据" view="com.neusoft.component.view.AjaxView"/>
	<event name="saveUserEditDetail" method="saveUserEditDetail" description="保存用户数据" view="com.neusoft.component.view.AjaxView"/>
	<event name="saveRoleEditDetail" method="saveRoleEditDetail" description="保存角色数据" view="com.neusoft.component.view.AjaxView"/>
	<event name="saveOrgEditDetail" method="saveOrgEditDetail" description="保存部门数据" view="com.neusoft.component.view.AjaxView"/>
	<event name="deleteUserDetail" method="deleteUserDetail" description="删除用户详细数据" view="com.neusoft.component.view.AjaxView"/>
	<event name="deleteRoleDetail" method="deleteRoleDetail" description="删除角色详细数据" view="com.neusoft.component.view.AjaxView"/>
	<event name="deleteOrgDetail" method="deleteOrgDetail" description="删除组织详细数据" view="com.neusoft.component.view.AjaxView"/>
	<event name="loadTree" method="loadTree" description="加载部门树" view="com.neusoft.component.view.AjaxView"/>
	<event name="loadUserList" method="loadUserList" url="userDetailDialog.jsp" script="userDetailDialog.js"/>
	<event name="loadRoleList" method="loadRoleList" url="roleDetailDialog.jsp" script="roleDetailDialog.js"/>
</component>
