<?xml version="1.0" encoding="UTF-8"?>

<component description="" controller="ep.component.sainner.DeptManageController" concurrent="1">
	<event name="show" method="show" description="显示" url="show.jsp" script="proc.js"/>
	<event name="add" method="add" description="增加部门" url="viewAdd.jsp" script="proc.js"/>
	<event name="loadTree" method="loadTree" description="加载部门树数据" view="com.neusoft.component.view.AjaxView"/>
	<event name="save" method="save" description="保存部门" view="com.neusoft.component.view.AjaxView"/>
	<event name="edit" method="edit" description="编辑部门" url="edit.jsp" script="proc.js"/>
	<event name="cancel" method="cancel" description="撤消部门" view="com.neusoft.component.view.AjaxView"/>
	<event name="unite" method="unite" description="提交合并部门" view="com.neusoft.component.view.AjaxView"/>
	<event name="delete" method="delete" description="删除部门" view="com.neusoft.component.view.AjaxView"/>
	<event name="viewUnite" method="viewUnite" description="合并部门" url="unite.jsp" script="unite.js"/>
	<event name="move" method="move" description="移动部门" view="com.neusoft.component.view.AjaxView"/>
	<event name="viewMove" method="viewMove" description="显示移动部门" url="move.jsp" script="move.js"/>
</component>
