<?xml version="1.0" encoding="UTF-8"?>

<component description="" controller="ep.component.sainner.ComponentManageController" concurrent="1">
	<event name="show" method="show" description="显示" url="show.jsp" script="proc.js"/>
	<event name="loadTree" method="loadTree" description="加载树" view="com.neusoft.component.view.AjaxView"/>
	<event name="loadCmpData" method="loadCmpData" description="加载组件数据" url="show.jsp" script="proc.js"/>
	<event name="loadEventData" method="loadEventData" description="加载事件数据" url="show.jsp" script="proc.js"/>
	<event name="saveCmp" method="saveCmp" description="保存组件" view="com.neusoft.component.view.AjaxView"/>
	<event name="saveEvent" method="saveEvent" description="保存组件事件" view="com.neusoft.component.view.AjaxView"/>
	<event name="checkCmp" method="checkCmp" description="删除校验" url="show.jsp" script="proc.js"/>
	<event name="addResource" method="addResource" description="创建资源" view="com.neusoft.component.view.AjaxView"/>
	<event name="showAddMenu" method="showAddMenu" description="显示创建菜单" url="showAddMenu.jsp" script="showAddMenu.js"/>
	<event name="addMenu" method="addMenu" description="创建菜单" view="com.neusoft.component.view.AjaxView"/>
	<event name="query" method="query" description="查找" view="com.neusoft.component.view.AjaxView"/>
</component>
