<?xml version="1.0" encoding="UTF-8"?>

<component description="" controller="ep.component.sainner.BroleManageController" concurrent="1">
	<event name="show" method="show" description="显示" url="show.jsp" script="proc.js"/>
	<event name="loadTree" method="loadTree" description="加载树" url="show.jsp" script="proc.js"/>
	<event name="addRole" method="addRole" description="增加业务角色" url="add.jsp" script="proc_add.js"/>
	<event name="editRole" method="editRole" description="编辑业务角色" url="edit.jsp" script="proc_edit.js"/>
	<event name="saveRole" method="saveRole" description="保存角色" view="com.neusoft.component.view.AjaxView"/>
	<event name="saveDelRole" method="saveDelRole" description="删除角色" view="com.neusoft.component.view.AjaxView"/>
	<event name="showItem" method="showItem" description="显示角色列表" url="show.jsp" script="proc.js"/>
	<event name="showTabs" method="showTabs" description="显示用户、管理用户、权限列表" url="show.jsp" script="proc.js"/>
	<event name="selectUsers" method="selectUsers" description="显示增加用户" url="selectUsers.jsp" script="proc_selectUsers.js"/>
	<event name="selectUsersList" method="selectUsersList" description="显示用户列表" view="com.neusoft.component.view.AjaxView"/>
	<event name="saveAddUsers" method="saveAddUsers" description="保存用户" view="com.neusoft.component.view.AjaxView"/>
	<event name="saveRemoveUsers" method="saveRemoveUsers" description="删除用户" url="show.jsp" script="proc.js"/>
	<event name="saveAddMUsers" method="saveAddMUsers" description="增加管理用户" view="com.neusoft.component.view.AjaxView"/>
	<event name="saveRemoveMUsers" method="saveRemoveMUsers" description="删除管理用户" view="com.neusoft.component.view.AjaxView"/>
	<event name="selectPerms" method="selectPerms" description="显示增加权限" url="selectPerms.jsp" script="proc_selectPerms.js"/>
	<event name="saveAddPerms" method="saveAddPerms" description="保存权限" view="com.neusoft.component.view.AjaxView"/>
	<event name="saveRemovePerms" method="saveRemovePerms" description="删除权限" view="com.neusoft.component.view.AjaxView"/>
	<event name="showPermTree" method="showPermTree" description="显示权限项树" url="selectPerms.jsp" script="proc_selectPerms.js"/>
	<event name="searchBrole" method="searchBrole" description="查询业务角色" view="com.neusoft.component.view.AjaxView"/>
	<event name="loadDeptTree" method="loadDeptTree" description="加载部门树" view="com.neusoft.component.view.AjaxView"/>
</component>
