<?xml version="1.0" encoding="UTF-8"?>

<component description="" controller="ep.component.sainner.DrillQueryConfigController" concurrent="1">
	<event name="show" method="show" description="显示页面" url="view.jsp" script="proc.js"/>
	<event name="addDrill" method="addDrill" description="增加钻取查询" url="addDrill.jsp" script="addDrill.js"/>
	<event name="editDrill" method="editDrill" description="编辑钻取查询" url="editDrill.jsp" script="editDrill.js"/>
	<event name="loadLevel" method="loadLevel" description="加载层次数据" view="com.neusoft.component.view.AjaxView"/>
	<event name="addLevel" method="addLevel" description="增加层次" url="addLevel.jsp" script="addLevel.js"/>
	<event name="editLevel" method="editLevel" description="编辑层次" url="editLevel.jsp" script="editLevel.js"/>
	<event name="saveDrill" method="saveDrill" description="保存钻取查询" view="com.neusoft.component.view.AjaxView"/>
	<event name="saveLevel" method="saveLevel" description="保存层次" view="com.neusoft.component.view.AjaxView"/>
	<event name="query" method="query" description="查询" view="com.neusoft.component.view.AjaxView"/>
	<event name="export" method="export" description="导出" url="export.jsp" script="export.js"/>
	<event name="configDrillQueryParams" method="configDrillQueryParams" url="configDrillQueryParams.jsp" script="configDrillQueryParams.js"/>
	<event name="saveParams" method="saveParams" view="com.neusoft.component.view.AjaxView"/>
	<event name="showDrillParamOrder" method="showDrillParamOrder" url="showDrillParamOrder.jsp" script="showDrillParamOrder.js"/>
	<event name="jsConfig" method="jsConfig" url="jsConfig.jsp" script="jsConfig.js"/>
	<event name="jsConfigSave" method="jsConfigSave" view="com.neusoft.component.view.AjaxView"/>
	<event name="lnkageConfig" method="lnkageConfig" url="lnkageConfig.jsp" script="lnkageConfig.js"/>
	<event name="linkageConfigSave" method="linkageConfigSave" view="com.neusoft.component.view.AjaxView"/>
</component>
