<?xml version="1.0" encoding="UTF-8"?>

<component description="" controller="ep.component.sainner.FileManagerController" concurrent="5">
	<event name="show" method="show" url="view.jsp" script="proc.js"/>
	<event name="refresh" method="show" view="com.neusoft.component.view.AjaxView"/>
	<event name="showTree" method="showTree" url="left_tree.jsp" script="tree.js"/>
	<event name="refreshTree" method="showTree" view="com.neusoft.component.view.AjaxView"/>
	<event name="showFolder" method="showFolder" url="folder.jsp" script="folder.js"/>	
	<event name="initFolder" method="showFolder" view="com.neusoft.component.view.AjaxView"/>	
	<event name="getFolderList" method="getFolderList" view="com.neusoft.component.view.AjaxView"/>
	<event name="addFolder" method="addFolder" view="com.neusoft.component.view.AjaxView"/>
	<event name="reNameFolder" method="reNameFolder" view="com.neusoft.component.view.AjaxView"/>
	<event name="deleteFile" method="deleteFile" view="com.neusoft.component.view.AjaxView"/>
	<event name="deleteFiles" method="deleteFiles" view="com.neusoft.component.view.AjaxView"/>	
	<event name="undoFile" method="undoFile" view="com.neusoft.component.view.AjaxView"/>
	<event name="undoFolder" method="undoFolder" view="com.neusoft.component.view.AjaxView"/>
	<event name="clearFile" method="clearFile" view="com.neusoft.component.view.AjaxView"/>
	<event name="clearFolder" method="clearFolder" view="com.neusoft.component.view.AjaxView"/>
	<event name="clearFiles" method="clearFiles" view="com.neusoft.component.view.AjaxView"/>
	<event name="undoFiles" method="undoFiles" view="com.neusoft.component.view.AjaxView"/>		
	<event name="clearAllFile" method="clearAllFile" view="com.neusoft.component.view.AjaxView"/>
	<event name="paste" method="paste" view="com.neusoft.component.view.AjaxView"/>
	<event name="deleteFolder" method="deleteFolder" view="com.neusoft.component.view.AjaxView"/>	
	<event name="pageLeft" method="blank" url="left_page.jsp" script="left.js"/>
	<event name="pageRight" method="blank" url="right_page.jsp" script="right.js"/>
	<event name="uploadFile" method="blank" url="upload.jsp" script="upload.js"/>
	<event name="addFile" method="addFile" view="com.neusoft.component.view.AjaxView"/>
	<event name="save" method="save" view="com.neusoft.component.view.AjaxView"/>
</component>
