<?xml version="1.0" encoding="UTF-8"?>

<component description="" controller="ep.component.sainner.DeploymentManageController" concurrent="1">
	<event name="show" method="show" description="显示" url="show.jsp" script="proc.js"/>
	<event name="showMore" method="showMore" description="显示详细信息" url="showMore.jsp" script="proc.js"/>
	<event name="queryByCondition" method="queryByCondition" description="查询" view="com.neusoft.component.view.AjaxView"/>
	<event name="reset" method="reset" description="重置" view="com.neusoft.component.view.AjaxView"/>
	<event name="save" method="save" view="com.neusoft.component.view.AjaxView"/>
	<event name="add" method="add" url="add.jsp" script="proc.js"/>
	<event name="importEx" method="importEx" url="show.jsp" script="proc.js"/>
	<event name="outExcel" method="outExcel" view="com.neusoft.component.view.AjaxView"/>
</component>
