<?xml version="1.0" encoding="UTF-8"?>

<component description="" controller="ep.component.sainner.DatascopeManageController" concurrent="1">
	<event name="show" method="show" description="显示页面" url="view.jsp" script="proc.js"/>
	<event name="loadTree" method="loadTree" description="装载模块树" view="com.neusoft.component.view.AjaxView"/>
	<event name="showItem" method="showItem" description="显示功能数据" view="com.neusoft.component.view.AjaxView"/>
	<event name="addFunction" method="addFunction" description="添加功能" url="addFunction.jsp" script="addFunction.js"/>
	<event name="editFunction" method="editFunction" description="编辑功能" url="editFunction.jsp" script="editFunction.js"/>
	<event name="saveFunction" method="saveFunction" description="保存功能" view="com.neusoft.component.view.AjaxView"/>
	<event name="showTabs" method="showTabs" description="显示tab数据" view="com.neusoft.component.view.AjaxView"/>
	<event name="addResource" method="addResource" description="增加资源" url="addResource.jsp" script="addResource.js"/>
	<event name="deleteMember" method="deleteMember" description="删除成员" view="com.neusoft.component.view.AjaxView"/>
	<event name="selectMemberOrg" method="selectMemberOrg" description="配置供电单位成员" url="selectMemberOrg.jsp" script="selectMemberOrg.js"/>
	<event name="loadMember" method="loadMember" description="加载成员数据" view="com.neusoft.component.view.AjaxView"/>
	<event name="deleteUser" method="deleteUser" description="删除用户" view="com.neusoft.component.view.AjaxView"/>
	<event name="selectUser" method="selectUser" description="选择用户" url="selectUser.jsp" script="selectUser.js"/>
	<event name="saveAddMember" method="saveAddMember" description="保存增加数据范围" view="com.neusoft.component.view.AjaxView"/>
	<event name="saveRemoveMember" method="saveRemoveMember" description="保存删除数据范围" view="com.neusoft.component.view.AjaxView"/>
	<event name="loadResource" method="loadResource" description="加载资源数据" view="com.neusoft.component.view.AjaxView"/>
	<event name="saveAddResource" method="saveAddResource" description="保存新增资源" view="com.neusoft.component.view.AjaxView"/>
	<event name="saveRemoveResource" method="saveRemoveResource" description="删除功能对应的资源" view="com.neusoft.component.view.AjaxView"/>
	<event name="deleteFunction" method="deleteFunction" description="删除功能" view="com.neusoft.component.view.AjaxView"/>
	<event name="queryFunction" method="queryFunction" description="查询功能" view="com.neusoft.component.view.AjaxView"/>
	<event name="selectMemberDept" method="selectMemberDept" description="配置部门数据范围" url="selectMemberDept.jsp" script="selectMemberDept.js"/>
	<event name="selectMemberUser" method="selectMemberUser" description="配置用户数据范围" url="selectMemberUser.jsp" script="selectMemberUser.js"/>
</component>
