<?xml version="1.0" encoding="UTF-8"?>

<component description="" controller="ep.component.sainner.LogAlterController" concurrent="1">
	<event name="show" method="show" description="显示" url="show.jsp" script="proc.js"/>
	<event name="queryByCondition" method="queryByCondition" description="查询" view="com.neusoft.component.view.AjaxView"/>
	<event name="reset" method="reset" description="重置" view="com.neusoft.component.view.AjaxView"/>
	<event name="showMore" method="showMore" description="显示详细信息" url="more.jsp" script="more.js"/>
	<event name="showResult" method="showResult" url="showResult.jsp" script="showResult.js"/>
	<event name="queryHistory" method="queryHistory" description="查询历史" view="com.neusoft.component.view.AjaxView"/>
	<event name="showHistoryMore" method="showHistoryMore" url="showHistoryMore.jsp" script="showHistoryMore.js"/>
	<event name="showHistoryResult" method="showHistoryResult" url="showHistoryResult.jsp" script="showHistoryResult.js"/>
</component>
