<?xml version="1.0" encoding="UTF-8"?>

<component description="" controller="ep.component.sainner.MroleManageController" concurrent="1">
	<event name="show" method="show" description="显示" url="show.jsp" script="proc.js"/>
	<event name="editRole" method="editRole" description="编辑角色" url="edit.jsp" script="proc_edit.js"/>
	<event name="saveRole" method="saveRole" description="保存角色" url="edit.jsp" script="proc_edit.js"/>
	<event name="addRole" method="addRole" description="增加角色" url="add.jsp" script="proc_add.js"/>
	<event name="saveDelRole" method="saveDelRole" description="删除角色" url="edit.jsp" script="proc_edit.js"/>
	<event name="showItem" method="showItem" description="显示角色列表" url="show.jsp" script="proc.js"/>
	<event name="showTabs" method="showTabs" description="加载用户和权限" url="show.jsp" script="proc.js"/>
	<event name="selectUsers" method="selectUsers" description="显示增加用户" url="selectUsers.jsp" script="proc_selectUsers.js"/>
	<event name="selectUsersList" method="selectUsersList" description="显示增加用户列表" view="com.neusoft.component.view.AjaxView"/>
	<event name="saveAddUsers" method="saveAddUsers" description="保存增加用户" view="com.neusoft.component.view.AjaxView"/>
	<event name="saveRemoveUsers" method="saveRemoveUsers" description="删除用户" url="show.jsp" script="proc.js"/>
	<event name="selectPerms" method="selectPerms" description="显示增加权限" url="selectPerms.jsp" script="proc_selectPerms.js"/>
	<event name="saveAddPerms" method="saveAddPerms" description="保存增加权限" view="com.neusoft.component.view.AjaxView"/>
	<event name="saveRemovePerms" method="saveRemovePerms" description="删除权限" url="show.jsp" script="proc.js"/>
	<event name="selectPermsList" method="selectPermsList" description="显示增加权限列表" url="selectPerms.jsp" script="proc_selectPerms.js"/>
	<event name="queryRole" method="queryRole" description="查找角色" view="com.neusoft.component.view.AjaxView"/>
	<event name="loadTree" method="loadTree" description="加载部门树" view="com.neusoft.component.view.AjaxView"/>
	<event name="showManageBRole" method="showManageBRole" description="显示用户所属的管理业务角色" url="showManageBRole.jsp" script="proc_manageBRole.js"/>
	<event name="saveAddManageBRole" method="saveAddManageBRole" description="保存用户所属的管理业务角色" view="com.neusoft.component.view.AjaxView"/>
	<event name="saveRemoveManageBRole" method="saveRemoveManageBRole" description="删除用户所属的系统业务角色" view="com.neusoft.component.view.AjaxView"/>
</component>
