<?xml version="1.0" encoding="UTF-8"?>

<component description="" controller="ep.component.sainner.ModuleManageController" concurrent="1">
	<event name="show" method="show" description="显示" url="viewApp.jsp" script="proc.js"/>
	<event name="saveApp" method="saveApp" description="保存应用" url="viewApp.jsp" script="proc.js"/>
	<event name="saveMod" method="saveMod" description="保存模块" url="viewMod.jsp" script="proc.js"/>
	<event name="saveSys" method="saveSys" description="保存子系统" url="viewSys.jsp" script="proc.js"/>
	<event name="showSys" method="showSys" description="显示子系统" url="viewSys.jsp" script="proc.js"/>
	<event name="showMod" method="showMod" description="显示模块" url="viewMod.jsp" script="proc_showMod.js"/>
	<event name="deleteApp" method="deleteApp" description="删除应用" url="viewApp.jsp" script="proc.js"/>
	<event name="deleteSys" method="deleteSys" description="删除子系统" url="viewSys.jsp" script="proc.js"/>
	<event name="deleteMod" method="deleteMod" description="删除模块" url="viewMod.jsp" script="proc.js"/>
	<event name="showModuleTree" method="showModuleTree" description="展示应用系统模块树" url="showModuleTree.jsp" script="showModuleTree.js"/>
	<event name="checkIsDelete" method="checkIsDelete" description="检查是否可以删除" url="showModuleTree.jsp" script="showModuleTree.js"/>
</component>
