<?xml version="1.0" encoding="UTF-8"?>

<component controller="ep.component.sainner.MenuManageController" concurrent="1">
	<event name="show" method="show" description="显示" url="view.jsp" script="proc.js"/>
	<event name="save" method="save" description="保存" view="com.neusoft.component.view.AjaxView"/>
	<event name="export" method="export" description="导出" url="export.jsp" script="proc.js"/>
	<event name="getMaxCode" method="getMaxCode" description="获取菜单标识" view="com.neusoft.component.view.AjaxView"/>
	<event name="showType" method="showType" description="菜单树选择" url="showType.jsp" script="proc.js"/>
	<event name="loadTree" method="loadTree" url="view.jsp" script="proc.js"/>
	<event name="showRole" method="showRole" url="showRole.jsp" script="proc_role.js"/>
	<event name="showTabs" method="showTabs" url="view.jsp" script="proc.js"/>
	<event name="info" method="info" description="详细信息" view="com.neusoft.component.view.AjaxView"/>
</component>
