<?xml version="1.0" encoding="UTF-8"?>

<beans>
	<bean name="ep.component.workflow.TemplateMapController" intercept="false">
		<property name="iUser" method="setIUser">ep.bo.saouter.IUser</property>
		<property name="iDept" method="setIDept">ep.bo.saouter.IDept</property>
		<property name="iDeptScope" method="setIDeptScope">ep.bo.saouter.IDeptScope</property>
		<property name="iWorkflowTemplateMap" method="setIWorkflowTemplateMap">ep.bo.workflow.IWorkflowTemplateMap</property>
	</bean>
</beans>
