<?xml version="1.0" encoding="UTF-8"?>

<beans>
	<bean name="ep.component.workflow.WorkitemQueryCompletedController" intercept="false">
		<property name="iWorkItem" method="setIWorkItem">ep.bo.workflow.IWorkItem</property>
		<property name="iUser" method="setIUser">ep.bo.saouter.IUser</property>
		<property name="iWorkflowEngine" method="setIWorkflowEngine">ep.bo.workflow.IWorkflowEngine</property>
		<property name="pWorkformInstDao" method="setPWorkformInstDao">ep.bo.workflow.bean.PWorkformInstDao</property>
		<property name="iWorkflowOvertimeReason" method="setIWorkflowOvertimeReason">ep.bo.workflow.IWorkflowOvertimeReason</property>
	</bean>
</beans>
