<?xml version="1.0" encoding="UTF-8"?>

<beans>
	<bean name="ep.component.workflow.WorkitemController">
		<property name="iUser" method="setIUser">ep.bo.saouter.IUser</property>
		<property name="iDept" method="setIDept">ep.bo.saouter.IDept</property>
		<property name="iWorkflowEngine" method="setIWorkflowEngine">ep.bo.workflow.IWorkflowEngine</property>
		<property name="iWorkItem" method="setIWorkItem">ep.bo.workflow.IWorkItem</property>
		<property name="iWorkItemExcludeUser" method="setIWorkItemExcludeUser">ep.bo.workflow.IWorkItemExcludeUser</property>
		<property name="iWorkForm" method="setIWorkForm">ep.bo.workflow.IWorkForm</property>
		<property name="pWorkformInstDao" method="setPWorkformInstDao">ep.bo.workflow.bean.PWorkformInstDao</property>
		<property name="pWorktaskDao" method="setPWorktaskDao">ep.bo.workflow.bean.PWorktaskDao</property>
		<method name="show" propagation="SUPPORTS"/>
	</bean>
</beans>
