<?xml version="1.0" encoding="UTF-8"?>

<beans>
	<bean name="ep.component.workflow.WorkformController" pool="core_epsa" intercept="false">
		<property name="iWorkForm" method="setIWorkForm">ep.bo.workflow.IWorkForm</property>
		<property name="pWorkformInstDao" method="setPWorkformInstDao">ep.bo.workflow.bean.PWorkformInstDao</property>
		<property name="iWorkflowEngine" method="setIWorkflowEngine">ep.bo.workflow.IWorkflowEngine</property>
		<property name="iWorkItem" method="setIWorkItem">ep.bo.workflow.IWorkItem</property>
		<property name="pWorktaskDao" method="setPWorktaskDao">ep.bo.workflow.bean.PWorktaskDao</property>
		<property name="iArchiveWorkflowEngine" method="setIArchiveWorkflowEngine">ep.bo.workflow.IArchiveWorkflowEngine</property>
	</bean>
</beans>
