<?xml version="1.0" encoding="UTF-8"?>

<beans>
	<bean name="ep.component.workflow.WorkitemQueryController" intercept="false">
		<property name="iUser" method="setIUser">ep.bo.saouter.IUser</property>
		<property name="reminderInfoDao">ep.bo.workflow.bean.ReminderInfoDao</property>
		<property name="reminderReplyDao">ep.bo.workflow.bean.ReminderReplyDao</property>
		<property name="iMaxCode" method="setIMaxCode">ep.bo.core.IMaxCode</property>
		<property name="iMsg" method="setIMsg">ep.bo.saouter.IMsg</property>
		<property name="iWorkItem" method="setIWorkItem">ep.bo.workflow.IWorkItem</property>
		<property name="iWorkflowEngine" method="setIWorkflowEngine">ep.bo.workflow.IWorkflowEngine</property>
		<property name="iWorkflowOvertimeReason" method="setIWorkflowOvertimeReason">ep.bo.workflow.IWorkflowOvertimeReason</property>
	</bean>
</beans>
