<?xml version="1.0" encoding="UTF-8"?>

<beans>
	<bean name="ep.bo.sainner.ICmp" pool="core_epsa" class="ep.boimpl.sainner.CmpImpl">
		<property name="iResource" method="setIResource">ep.bo.sainner.IResource</property>
		<method name="query*" propagation="SUPPORTS"/>
		<method name="save*" propagation="REQUIRED"/>
		<method name="addResourceByComponent" propagation="REQUIRED"/>
		<method name="addMenuByComponent" propagation="REQUIRED"/>
		<method name="has*" propagation="SUPPORTS"/>
	</bean>
</beans>
