<?xml version="1.0" encoding="UTF-8"?>

<beans>
	<bean name="ep.bo.sainner.IConfig" pool="core_epsa" class="ep.boimpl.sainner.ConfigImpl">
		<method name="getRowSetValue" propagation="SUPPORTS"/>
		<method name="query*" propagation="SUPPORTS"/>
		<method name="save*" propagation="REQUIRED"/>
		<method name="delete*" propagation="REQUIRED"/>
		<method name="queryConfType" propagation="SUPPORTS"/>
		<method name="queryConfList" propagation="SUPPORTS"/>
		<method name="update" propagation="REQUIRED"/>
		<method name="saveConfList" propagation="REQUIRED"/>
	</bean>
</beans>
