<?xml version="1.0" encoding="UTF-8"?>

<beans>
	<bean name="ep.bo.sainner.IGraphicElement" class="ep.boimpl.sainner.GraphicElementImpl">
		<method name="queryAllElementMeta" propagation="SUPPORTS"/>
		<method name="queryAllElementGroup" propagation="SUPPORTS"/>
		<method name="queryAllElementOperator" propagation="SUPPORTS"/>
		<method name="queryAllElementClass" propagation="SUPPORTS"/>
		<method name="queryAllElementState" propagation="SUPPORTS"/>
		<method name="saveGEFile" propagation="REQUIRED"/>
		<method name="saveGEInfos" propagation="REQUIRED"/>
	</bean>
</beans>
