<?xml version="1.0" encoding="UTF-8"?>

<beans>
	<bean name="ep.bo.sainner.IGroup" pool="core_epsa" class="ep.boimpl.sainner.GroupImpl">
		<property name="iUser">ep.bo.saouter.IUser</property>
		<property name="iDeptScope">ep.bo.saouter.IDeptScope</property>
		<method name="query*" propagation="SUPPORTS"/>
		<method name="save*" propagation="REQUIRED"/>
		<method name="del*" propagation="REQUIRED"/>
		<method name="add*" propagation="REQUIRED"/>
		<method name="get*" propagation="SUPPORTS"/>
	</bean>
</beans>
