<?xml version="1.0" encoding="UTF-8"?>

<beans>
	<bean name="ep.bo.sainner.IJnlp" pool="core_epsa" class="ep.boimpl.sainner.JnlpImpl">
		<property name="iMaxCode" method="setIMaxCode">ep.bo.core.IMaxCode</property>
		<property name="templateManager" method="setTemplateManager">com.neusoft.services.template.TemplateManager</property>
		<property name="iUser" method="setIUser">ep.bo.saouter.IUser</property>
		<property name="iReportSemantic" method="setIReportSemantic">ep.bo.sainner.IReportSemantic</property>
		<method name="generateJnlp" propagation="REQUIRED"/>
		<method name="queryJnlpParameters" propagation="REQUIRED"/>
		<method name="updateJnlpParameters" propagation="REQUIRED"/>
		<method name="queryJnlpParameter" propagation="REQUIRED"/>
	</bean>
</beans>
