<?xml version="1.0" encoding="UTF-8"?>

<beans>
	<bean name="ep.bo.sainner.ILoginModuleTool" pool="core_epsa" class="ep.boimpl.sainner.LoginModuleToolImpl">
		<property name="iConfig" method="setIConfig">ep.bo.sainner.IConfig</property>
		<property name="iUser" method="setIUser">ep.bo.saouter.IUser</property>
		<property name="iUserProfile" method="setIUserProfile">ep.bo.sainner.IUserProfile</property>
		<method name="get*" propagation="SUPPORTS"/>
		<method name="save*" propagation="REQUIRED"/>
		<method name="clearSession" propagation="REQUIRED"/>
	</bean>
</beans>
