<?xml version="1.0" encoding="UTF-8"?>

<beans>
	<bean name="ep.bo.sainner.IMenu" pool="core_epsa" class="ep.boimpl.sainner.MenuImpl">
		<property name="useProdurceToGetMenu" method="setUseProdurceToGetMenu">true</property>
		<method name="get*" propagation="SUPPORTS"/>
		<method name="query*" propagation="SUPPORTS"/>
		<method name="generateExport" propagation="REQUIRED"/>
		<method name="saveMenu" propagation="REQUIRED"/>
		<method name="updateMenuByResource" propagation="REQUIRED"/>
		<method name="getExportSql" propagation="REQUIRED"/>
		<method name="deleteMenuById" propagation="REQUIRED"/>
	</bean>
</beans>
