<?xml version="1.0" encoding="UTF-8"?>

<beans>
	<bean name="ep.bo.sainner.IMRole" pool="core_epsa" class="ep.boimpl.sainner.MRoleImpl">
		<property name="iUser">ep.bo.saouter.IUser</property>
		<property name="iBRole">ep.bo.saouter.IBRole</property>
		<method name="get*" propagation="SUPPORTS"/>
		<method name="query*" propagation="SUPPORTS"/>
		<method name="isSystem" propagation="SUPPORTS"/>
		<method name="addPerms" propagation="REQUIRED"/>
		<method name="removePerms" propagation="REQUIRED"/>
		<method name="saveRole" propagation="REQUIRED"/>
		<method name="saveUsers" propagation="REQUIRED"/>
		<method name="delete*" propagation="REQUIRED"/>
		<method name="removeUsers" propagation="REQUIRED"/>
	</bean>
</beans>
