<?xml version="1.0" encoding="UTF-8"?>

<beans>
	<bean name="ep.bo.sainner.IPermission" pool="core_epsa" class="ep.boimpl.sainner.PermissionImpl">
		<property name="userBo">ep.bo.saouter.IUser</property>
		<property name="iPopedomEntrust" method="setIPopedomEntrust">ep.bo.sainner.IPopedomEntrust</property>
		<property name="iResource" method="setIResource">ep.bo.sainner.IResource</property>
		<method name="getUserManagedPermOfModule" propagation="SUPPORTS"/>
		<method name="delPermMRoleRelation" propagation="REQUIRED"/>
		<method name="tackbackEntrust" propagation="REQUIRED"/>
		<method name="savePermission" propagation="REQUIRED"/>
		<method name="update*" propagation="REQUIRED"/>
		<method name="query*" propagation="SUPPORTS"/>
		<method name="have*" propagation="SUPPORTS"/>
		<method name="add*" propagation="REQUIRED"/>
		<method name="del*" propagation="REQUIRED"/>
		<method name="get*" propagation="SUPPORTS"/>
	</bean>
</beans>
