<?xml version="1.0" encoding="UTF-8"?>

<beans>
	<bean name="ep.bo.sainner.IPopedomEntrust" pool="core_epsa" class="ep.boimpl.sainner.PopedomEntrustImpl">
		<property name="iMaxCode" method="setIMaxCode">ep.bo.core.IMaxCode</property>
		<property name="iUser" method="setIUser">ep.bo.saouter.IUser</property>
		<method name="query*" propagation="SUPPORTS"/>
		<method name="isValidEntrustPermission" propagation="SUPPORTS"/>
		<method name="haveEntrustPermission" propagation="SUPPORTS"/>
		<method name="save*" propagation="REQUIRED"/>
		<method name="delete*" propagation="REQUIRED"/>
	</bean>
</beans>
