<?xml version="1.0" encoding="UTF-8"?>

<beans>
	<bean name="ep.bo.sainner.IReport" pool="core_epsa" class="ep.boimpl.sainner.ReportImpl">
		<property name="iMaxCode" method="setIMaxCode">ep.bo.core.IMaxCode</property>
		<property name="iUser" method="setIUser">ep.bo.saouter.IUser</property>
		<method name="query*" propagation="SUPPORTS"/>
		<method name="save*" propagation="REQUIRED"/>
		<method name="get*" propagation="SUPPORTS"/>
		<method name="invoke*" propagation="REQUIRED"/>
	</bean>
</beans>
