<?xml version="1.0" encoding="UTF-8"?>

<beans>
	<bean name="ep.bo.sainner.IResource" pool="core_epsa" class="ep.boimpl.sainner.ResourceImpl">
		<property name="iPermission" method="setIPermission">ep.bo.sainner.IPermission</property>
		<property name="iMenu" method="setIMenu">ep.bo.sainner.IMenu</property>
		<property name="iPage" method="setIPage">ep.bo.sainner.IPage</property>
		<property name="iUser" method="setIUser">ep.bo.saouter.IUser</property>
		<method name="query*" propagation="SUPPORTS"/>
		<method name="get*" propagation="SUPPORTS"/>
		<method name="save*" propagation="REQUIRED"/>
		<method name="update*" propagation="REQUIRED"/>
		<method name="delete*" propagation="REQUIRED"/>
	</bean>
</beans>
