<?xml version="1.0" encoding="UTF-8"?>

<beans>
	<bean name="ep.bo.sainner.ITask" pool="core_epsa" class="ep.boimpl.sainner.TaskImpl">
		<property name="iMaxCode" method="setIMaxCode">ep.bo.core.IMaxCode</property>
		<property name="iMsg" method="setIMsg">ep.bo.saouter.IMsg</property>
		<property name="iLockManager">ep.bo.sainner.ILockManager</property>
		<method name="queryNewTaskInstance" propagation="REQUIRED"/>
		<method name="startTaskQueue" propagation="REQUIRED"/>
		<method name="stopTaskQueue" propagation="REQUIRED"/>
		<method name="resumeTask" propagation="REQUIRED"/>
		<method name="cancel*" propagation="REQUIRED"/>
		<method name="delete*" propagation="REQUIRED"/>
		<method name="save*" propagation="REQUIRED"/>
		<method name="query*" propagation="SUPPORTS"/>
		<method name="update*" propagation="REQUIRED"/>
		<method name="archiveTaskInstance*" propagation="REQUIRED"/>
		<method name="manualExecuteTaskInstance" propagation="REQUIRED"/>
		<method name="isTaskCanExecuteByName" propagation="SUPPORTS"/>
	</bean>
</beans>
