<?xml version="1.0" encoding="UTF-8"?>

<beans>
	<bean name="ep.bo.core.email.IEmail" class="ep.boimpl.core.email.EmailImpl">
		<property name="iMaxCode" method="setIMaxCode">ep.bo.core.IMaxCode</property>
		<method name="creat*" propagation="REQUIRED"/>
		<method name="save*" propagation="REQUIRED"/>
		<method name="get*" propagation="SUPPORTS"/>
		<method name="send*" propagation="REQUIRED"/>
		<method name="receive*" propagation="REQUIRED"/>
		<method name="re*" propagation="REQUIRED"/>
		<method name="delete*" propagation="REQUIRED"/>
	</bean>
</beans>
