<?xml version="1.0" encoding="UTF-8"?>

<beans>
	<bean name="ep.bo.sample.conquery.IConfigQuery" pool="core_epsa" class="ep.boimpl.sample.conquery.ConfigQueryImpl">
		<property name="iMaxCode" method="setIMaxCode">ep.bo.core.IMaxCode</property>
		<method name="show*" propagation="SUPPORTS"/>
		<method name="save*" propagation="REQUIRED"/>
		<method name="get*" propagation="SUPPORTS"/>
		<method name="delete*" propagation="REQUIRED"/>
		<method name="check*" propagation="REQUIRED"/>
	</bean>
</beans>
