<?xml version="1.0" encoding="UTF-8"?>

<beans>
	<bean name="ep.bo.sainner.graph.IModifyTracker" pool="core_epsa" class="ep.boimpl.sainner.graph.ModifyTrackerImpl">
		<property name="iBlobOperator">ep.bo.sainner.graph.IBlobOperator</property>
		<property name="iGraph">ep.bo.sainner.graph.IGraph</property>
		<property name="iIconManager">ep.bo.sainner.graph.IIconManager</property>
		<property name="iStationEcdManager">ep.bo.sainner.graph.IStationEcdManager</property>
		<property name="iTemplateManager">ep.bo.sainner.graph.ITemplateManager</property>
		<method name="makeModify" propagation="SUPPORTS"/>
	</bean>
</beans>
