<?xml version="1.0" encoding="UTF-8"?>

<beans>
	<bean name="ep.component.sample.ConfigQueryController" pool="core_epsa">
		<method name="show*" propagation="SUPPORTS" />
		<method name="load*" propagation="SUPPORTS" />
		<method name="query*" propagation="SUPPORTS" />
		<method name="save*" propagation="REQUIRED" />		
		<method name="copy*" propagation="SUPPORTS" />
		<property name="iQuerySelect">ep.bo.core.conquery.IQuerySelect</property>
		<property name="iQueryApply">ep.bo.core.conquery.IQueryApply</property>
		<property name="iConfigQuery">ep.bo.sample.conquery.IConfigQuery</property>
		<property name="iReport" method="setIReport">ep.bo.sainner.IReport</property>
	</bean>
</beans>
