<?xml version="1.0" encoding="UTF-8"?>

<beans>
	<bean name="ep.component.sample.WorkflowTestController" intercept="false">
		<property name="iWorkflowEngine" method="setIWorkflowEngine">ep.bo.workflow.IWorkflowEngine</property>
		<property name="iUser" method="setIUser">ep.bo.saouter.IUser</property>
		<property name="iWorkForm" method="setIWorkForm">ep.bo.workflow.IWorkForm</property>
		<property name="iWorkflowTest" method="setIWorkflowTest">ep.bo.sample.IWorkflowTest</property>
	</bean>
</beans>
