<?xml version="1.0" encoding="UTF-8"?>

<beans>
	<bean name="ep.bo.workflow.ICategoryEntry" pool="core_flow" class="ep.boimpl.workflow.CategoryEntryImpl">
		<property name="iWorkflowEngine" method="setIWorkflowEngine">ep.bo.workflow.IWorkflowEngine</property>
		<method name="openAbsoluteRootCategoryList" count="1" propagation="SUPPORTS"/>
		<method name="openNextLevelCategoryList" count="1" propagation="SUPPORTS"/>
		<method name="query*" count="1" propagation="SUPPORTS"/>
		<method name="saveCategory" count="1" propagation="REQUIRED"/>
		<method name="deleteCategory" count="1" propagation="REQUIRED"/>
		<method name="deleteProcDef" count="1" propagation="REQUIRED"/>
		<method name="deleteCategoryMap" count="2" propagation="REQUIRED"/>
	</bean>
</beans>
