<?xml version="1.0" encoding="UTF-8"?>

<beans>
	<bean name="ep.bo.workflow.IExam" pool="core_epsa" class="ep.boimpl.workflow.ExamImpl">
		<property name="examActDefDao">ep.bo.workflow.bean.ExamActDefDao</property>
		<property name="examInstDao">ep.bo.workflow.bean.ExamInstDao</property>
		<property name="examDefDao">ep.bo.workflow.bean.ExamDefDao</property>
		<property name="examActInstDao">ep.bo.workflow.bean.ExamActInstDao</property>
		<property name="examSubjectDao">ep.bo.workflow.bean.ExamSubjectDao</property>
		<property name="iUser" method="setIUser">ep.bo.saouter.IUser</property>
		<property name="examActDefTmpDao">ep.bo.workflow.bean.ExamActDefTmpDao</property>
		<property name="iMaxCode" method="setIMaxCode">ep.bo.core.IMaxCode</property>
		<property name="examInstHistoryDao">ep.bo.workflow.bean.ExamInstHistoryDao</property>
		<property name="examActInstHistoryDao">ep.bo.workflow.bean.ExamActInstHistoryDao</property>
		<method name="query*" propagation="SUPPORTS"/>
		<method name="update*" propagation="REQUIRED"/>
		<method name="delete*" propagation="REQUIRED"/>
		<method name="create*" propagation="REQUIRED"/>
		<method name="generateSubjectId" propagation="SUPPORTS"/>
		<method name="save*" propagation="REQUIRED"/>
		<method name="get*" propagation="SUPPORTS"/>
	</bean>
</beans>
