<?xml version="1.0" encoding="UTF-8"?>

<beans>
	<bean name="ep.bo.workflow.IWorkItem" pool="core_epsa" class="ep.boimpl.workflow.WorkItemImpl">
		<property name="iWorkflowEngine" method="setIWorkflowEngine">ep.bo.workflow.IWorkflowEngine</property>
		<property name="iDept" method="setIDept">ep.bo.saouter.IDept</property>
		<property name="iUser" method="setIUser">ep.bo.saouter.IUser</property>
		<property name="iWorkForm" method="setIWorkForm">ep.bo.workflow.IWorkForm</property>
		<property name="pWorktaskDao" method="setPWorktaskDao">ep.bo.workflow.bean.PWorktaskDao</property>
		<property name="pWorktaskHistoryDao" method="setPWorktaskHistoryDao">ep.bo.workflow.bean.PWorktaskHistoryDao</property>
		<property name="iWorkItemExcludeUser" method="setIWorkItemExcludeUser">ep.bo.workflow.IWorkItemExcludeUser</property>
		<property name="iWorkDateTime" method="setIWorkDateTime">ep.bo.workflow.IWorkDateTime</property>
		<property name="pWorkformInstDao" method="setPWorkformInstDao">ep.bo.workflow.bean.PWorkformInstDao</property>
		<method name="query*" propagation="SUPPORTS"/>
		<method name="get*" propagation="SUPPORTS"/>
		<method name="create*" propagation="SUPPORTS"/>
		<method name="lockWorkitem" count="4" propagation="REQUIRED"/>
		<method name="unlockWorkitem" count="3" propagation="REQUIRED"/>
		<method name="total*" propagation="SUPPORTS"/>
		<method name="createOvertimeReason" propagation="REQUIRED"/>
		<method name="createRollbackReason" propagation="REQUIRED"/>
	</bean>
</beans>
