<?xml version="1.0" encoding="UTF-8"?>

<beans>
	<bean name="ep.bo.workflow.IWorkflowEngine" pool="core_flow" class="ep.boimpl.workflow.WorkflowEngineImpl">
		<property name="iDept" method="setIDept">ep.bo.saouter.IDept</property>
		<method name="create*" propagation="REQUIRED"/>
		<method name="start*" propagation="REQUIRED"/>
		<method name="restart*" propagation="REQUIRED"/>
		<method name="delete*" propagation="REQUIRED"/>
		<method name="abort*" propagation="REQUIRED"/>
		<method name="suspend*" propagation="REQUIRED"/>
		<method name="rebirth*" propagation="REQUIRED"/>
		<method name="open*" propagation="REQUIRED"/>
		<method name="close*" propagation="REQUIRED"/>
		<method name="complete*" propagation="REQUIRED"/>
		<method name="rollback*" propagation="REQUIRED"/>
		<method name="withDraw*" propagation="REQUIRED"/>
		<method name="lock*" propagation="REQUIRED"/>
		<method name="unlock*" propagation="REQUIRED"/>
		<method name="directAct*" propagation="REQUIRED"/>
		<method name="replace*" propagation="REQUIRED"/>
		<method name="reassign*" propagation="REQUIRED"/>
		<method name="get*" propagation="SUPPORTS"/>
		<method name="setVarValue*" propagation="REQUIRED"/>
		<method name="assign*" propagation="REQUIRED"/>
		<method name="add*" propagation="REQUIRED"/>
		<method name="clear*" propagation="REQUIRED"/>
		<method name="exist*" propagation="SUPPORTS"/>
		<method name="update*" propagation="REQUIRED"/>
	</bean>
</beans>
