<?xml version="1.0" encoding="UTF-8"?>

<beans>
	<bean name="ep.bo.workflow.IWorkflowRefInfoClear" class="ep.boimpl.workflow.WorkflowRefInfoClearImpl">
		<property name="iExam" method="setIExam">ep.bo.workflow.IExam</property>
		<property name="iMsg" method="setIMsg">ep.bo.saouter.IMsg</property>
		<property name="iWorkItemExcludeUser" method="setIWorkItemExcludeUser">ep.bo.workflow.IWorkItemExcludeUser</property>
		<property name="workitemOvertimeRemindDao" method="setWorkitemOvertimeRemindDao">ep.bo.workflow.bean.WorkitemOvertimeRemindDao</property>
		<method name="clear*" count="1" propagation="REQUIRED"/>
	</bean>
</beans>
