<?xml version="1.0" encoding="UTF-8"?>

<beans>
	<bean name="ep.bo.workflow.IWorkflowDoctor" pool="core_epsa" class="ep.boimpl.workflow.WorkflowDoctorImpl">
		<property name="iMaxCode" method="setIMaxCode">ep.bo.core.IMaxCode</property>
		<method name="insert*" propagation="REQUIRED"/>
		<method name="update*" propagation="REQUIRED"/>
		<method name="query*" propagation="SUPPORTS"/>
		<method name="delete*" propagation="REQUIRED"/>
		<method name="recover*" propagation="REQUIRED"/>
		<method name="export*" propagation="SUPPORTS"/>
		<method name="move*" propagation="REQUIRED"/>
	</bean>
</beans>
