<?xml version="1.0" encoding="UTF-8"?>

<beans>
	<bean name="ep.bo.workflow.IWorkForm" pool="core_epsa" class="ep.boimpl.workflow.WorkFormImpl">
		<property name="pWorkformInstDao" method="setPWorkformInstDao">ep.bo.workflow.bean.PWorkformInstDao</property>
		<property name="pWorkformInstHistoryDao" method="setPWorkformInstHistoryDao">ep.bo.workflow.bean.PWorkformInstHistoryDao</property>
		<property name="pWorkformInstMapDao" method="setPWorkformInstMapDao">ep.bo.workflow.bean.PWorkformInstMapDao</property>
		<property name="pWorktaskDao" method="setPWorktaskDao">ep.bo.workflow.bean.PWorktaskDao</property>
		<property name="pWorktaskHistoryDao" method="setPWorktaskHistoryDao">ep.bo.workflow.bean.PWorktaskHistoryDao</property>
		<property name="iMaxCode" method="setIMaxCode">ep.bo.core.IMaxCode</property>
		<property name="iWorkflowEngine" method="setIWorkflowEngine">ep.bo.workflow.IWorkflowEngine</property>
		<property name="iDept" method="setIDept">ep.bo.saouter.IDept</property>
		<property name="iWorkItem" method="setIWorkItem">ep.bo.workflow.IWorkItem</property>
		<property name="iWorkflowTemplateMap" method="setIWorkflowTemplateMap">ep.bo.workflow.IWorkflowTemplateMap</property>
		<property name="pWorkformInstExtDao" method="setPWorkformInstExtDao">ep.bo.workflow.bean.PWorkformInstExtDao</property>
		<property name="pWorkformInstExtHistoryDao" method="setPWorkformInstExtHistoryDao">ep.bo.workflow.bean.PWorkformInstExtHistoryDao</property>
		<property name="iUser" method="setIUser">ep.bo.saouter.IUser</property>
		<property name="iTokenControl" method="setITokenControl">ep.bo.workflow.ITokenControl</property>
		<method name="get*" propagation="SUPPORTS"/>
		<method name="create*" propagation="REQUIRED"/>
		<method name="abort*" propagation="REQUIRED"/>
		<method name="close*" propagation="REQUIRED"/>
		<method name="cancel*" propagation="REQUIRED"/>
		<method name="query*" propagation="SUPPORTS"/>
	</bean>
</beans>
