<?xml version="1.0" encoding="UTF-8"?>

<beans>
	<bean name="ep.bo.workflow.IWorkflowManager" pool="core_epsa" class="ep.boimpl.workflow.WorkflowManagerImpl">
		<property name="iBRole" method="setIBRole">ep.bo.saouter.IBRole</property>
		<property name="iMaxCode" method="setIMaxCode">ep.bo.core.IMaxCode</property>
		<property name="iUser" method="setIUser">ep.bo.saouter.IUser</property>
		<method name="query*" propagation="SUPPORTS"/>
		<method name="create*" propagation="REQUIRED"/>
		<method name="update*" propagation="REQUIRED"/>
	</bean>
</beans>
