<?xml version="1.0" encoding="UTF-8"?>

<beans>
	<bean name="ep.boimpl.workflow.PreCommitWorkitemImpl" pool="core_epsa">
		<property name="iUser">ep.bo.saouter.IUser</property>
		<property name="iWorkflowEngine">ep.bo.workflow.IWorkflowEngine</property>
		<property name="iWorkItem">ep.bo.workflow.IWorkItem</property>
		<method name="doRollbackPreNode" propagation="REQUIRED"/>
		<method name="doValidate" propagation="SUPPORTS"/>
		<method name="doCheckData" propagation="SUPPORTS"/>
	</bean>
</beans>
