<?xml version="1.0" encoding="UTF-8"?>

<beans>
	<bean name="ep.bo.sample.CustomerServiceDao" pool="core_flow">
		<property name="iWorkflowEngine" method="setIWorkflowEngine">ep.bo.workflow.IWorkflowEngine</property>
		<property name="iUser" method="setIUser">ep.bo.saouter.IUser</property>
		<method name="saveBusinessData" propagation="REQUIRED"/>
		<method name="saveWorkFormData" propagation="REQUIRED"/>
		<method name="getCurrentUserID" propagation="SUPPORTS"/>
		<method name="query*" propagation="SUPPORTS"/>
	</bean>
</beans>
