<?xml version="1.0" encoding="UTF-8"?>

<beans>
	<bean name="ep.bo.sample.ISample" pool="core_epsa" class="ep.boimpl.sample.SampleImpl">
		<method name="readBase" propagation="SUPPORTS"/>
		<method name="query*" propagation="SUPPORTS"/>
		<method name="saveAdd" propagation="REQUIRED"/>
		<method name="show*" propagation="SUPPORTS"/>
		<method name="editRadio" propagation="SUPPORTS"/>
		<method name="readAllSubmit" propagation="SUPPORTS"/>
		<method name="save" propagation="REQUIRED"/>
	</bean>
</beans>
