<?xml version="1.0" encoding="UTF-8"?>
<beans>
	<!-- coding service -->
	<bean name="com.neusoft.services.coding.CodingManager" intercept="false">
		<property name="classes">
			<value>ep.utils.Constant</value>
		</property>
		<property name="createScript">false</property>
		<property name="scriptFile">static/extension/constant.js</property>
	</bean>
	
	<!-- event center service -->
	<bean name="com.neusoft.services.event.EventCenter" class="com.neusoft.services.event.support.EventCenterImpl" intercept="false">
		<property name="idleTimeout">10000</property>
	</bean>
	
	<!-- socket service -->
	<bean name="com.neusoft.services.socket.SocketManager" intercept="false">
		<property name="serverConfigFile">socket-server.xml</property>
		<property name="clientConfigFile">socket-client.xml</property>
	</bean>
	<bean name="loggingFilter" class="org.apache.mina.filter.LoggingFilter" intercept="false" singleton="false" />
	<bean name="addressRestrictFilter" class="com.neusoft.services.socket.filter.AddressRestrictFilter" intercept="false" singleton="false" init-method="initialize">
		<property name="address" description="address1,address2">127.0.0.1</property>
	</bean>
	<bean name="com.neusoft.services.socket.filter.SocketProtocolDecoder" intercept="false" singleton="false" init-method="initialize">
		<property name="maxLineLength">102400</property>
		<property name="lineDelimiter">\b\b</property>
		<property name="charsetName">GBK</property>
	</bean>
	<bean name="com.neusoft.services.socket.filter.SocketProtocolEncoder" intercept="false" singleton="false" init-method="initialize">
		<property name="maxLineLength">102400</property>
		<property name="lineDelimiter">\b\b</property>
		<property name="charsetName">GBK</property>
	</bean>
	<bean name="smsClientCodecFilter" class="com.neusoft.services.socket.filter.SocketProtocolCodecFilter" intercept="false" singleton="false" init-method="initialize">
		<property name="decoder">com.neusoft.services.socket.filter.SocketProtocolDecoder</property>
		<property name="encoder">com.neusoft.services.socket.filter.SocketProtocolEncoder</property>
	</bean>
	<bean name="smsClientSSLFilter" class="com.neusoft.services.socket.filter.SocketSSLFilter" intercept="false" singleton="false" init-method="initialize">
		<property name="useClientMode">true</property>
		<property name="needClientAuth">false</property>
		<property name="wantClientAuth">false</property>
		<property name="protocol">SSL</property>
		<property name="keyStoreType">JKS</property>
		<property name="keyStoreAlgorithm">SunX509</property>
		<property name="keyStoreFile">config/kclient.keystore</property>
		<property name="keyStorePassword">123456</property>
		<property name="truststoreType">JKS</property>
		<property name="trustStoreAlgorithm">SunX509</property>
		<property name="trustStoreFile">config/tclient.keystore</property>
		<property name="trustStorePassword">123456</property>
	</bean>
	<bean name="ep.socket.sms.MessageIoHandler" intercept="false" singleton="false">
		<property name="charsetName">GBK</property>
		<property name="idleTimeout">0</property>
		<property name="idleStatus" description="READER_IDLE|WRITER_IDLE|BOTH_IDLE">BOTH_IDLE</property>
	</bean>
	<bean name="smsClient1" class="com.neusoft.services.socket.support.SimpleSocketClient" intercept="false" init-method="initialize">
		<property name="protocol">TCP</property>
		<property name="host">127.0.0.1</property>
		<property name="port">10000</property>
		<property name="connectTimeout">5</property>
		<property name="stubThreadFrequency">10000</property>
		<property name="connectInterval">10000</property>
		<property name="messageThreshold">1000</property>
		<property name="filters">smsClientCodecFilter,loggingFilter</property>
		<property name="handlerBeanName">ep.socket.sms.MessageIoHandler</property>
	</bean>
	
	<!-- application command logger filter -->
	<bean name="commandLogger" class="com.neusoft.services.event.support.EventHandlerImpl" intercept="false">
		<property name="type">op</property>
		<property name="logCommandCount">50</property>
	</bean>
	<bean name="componentLogger" class="com.neusoft.services.event.support.EventHandlerImpl" intercept="false">
		<property name="type">component</property>
	</bean>
	
	<!-- cache manager -->
	<bean name="com.neusoft.services.cache.CacheManager" class="com.neusoft.services.cache.support.ehcache.EHCacheManager" intercept="false" />
	
	<!-- query cache -->
	<bean name="com.neusoft.persistence.impl.cache.QueryDescriptorManager" init-method="initialize" destroy-method="release" intercept="false">
		<property name="configFolder">resource/query</property>
		<property name="configFile">[\S]*.xml</property>
		<property name="checkReload">true</property>
		<property name="codingManager">com.neusoft.services.coding.CodingManager</property>
	</bean>
	<bean name="com.neusoft.persistence.impl.cache.ClientCache" intercept="false">
		<property name="spellColumn">SPELL</property>
		<property name="lazyLoad">true</property>
		<property name="timeStatement">{select UPDATE_TIME from SA_PROP_TYPE where PROP_TYPE_ID = ?}</property>
		<property name="timeStatementAll">{select PROP_TYPE_ID, UPDATE_TIME from SA_PROP_TYPE}</property>
		<property name="rowSetName">sainner/sa_prop_list</property>
		<property name="persistenceManager">com.neusoft.persistence.PersistenceManager</property>
		<property name="descriptorManager">com.neusoft.persistence.impl.cache.QueryDescriptorManager</property>
	</bean>
	
<!-- scheduler manager -->
	<bean name="com.neusoft.services.scheduler.SchedulerManager" intercept="false">
		<property name="rmiServer">false</property>
		<property name="addListener">false</property>
		<property name="addTriggerListener">false</property>
		<property name="configFile">quartz.properties</property>
		<property name="password">org.quartz.dataSource.myDS.password</property>
		<property name="groupCondition"></property>
	</bean>
	
	<!-- job listener -->
	<bean name="org.quartz.JobListener" class="ep.job.JobListenerImpl" intercept="false">
		<property name="iJob">ep.bo.sainner.IJob</property>
		<property name="enable">true</property>
	</bean>
	<bean name="org.quartz.TriggerListener" class="ep.job.TriggerListenerImpl" intercept="false">
		<property name="enable">true</property>
		<property name="broadcastMisfire">true</property>
		<property name="misfireProcessor">ep.job.JobMisfiredProcessor</property>
	</bean>	
	
	<!-- task listener -->
	<bean name="com.neusoft.services.task.TaskListener" class="ep.boimpl.sainner.TaskListenerImpl" intercept="false">
		<property name="broadcastException">true</property>
		<property name="exceptionProcessor">com.neusoft.services.task.TaskExceptionProcessor</property>
	</bean>
	
	<!-- cluster manager -->
	<bean name="com.neusoft.services.cluster.ClusterManager" intercept="false">
		<property name="name">ep</property>
		<property name="configFile">config/cluster_udp.xml</property>
		<property name="receiver">org.jgroups.ExtendedReceiverAdapter</property>
	</bean>
	
	<!-- cache receiver -->
	<bean name="org.jgroups.ExtendedReceiverAdapter" class="com.neusoft.services.cluster.MessageReceiver" intercept="false" />
	
	<!-- message manager -->
	<bean name="com.neusoft.services.message.MessageManager" init-method="initialize" intercept="false">
		<property name="configFolder">resource/message/</property>
		<property name="checkReload">true</property>
	</bean>

	<!-- exception manager -->
	<bean name="com.neusoft.services.exception.ExceptionManager" intercept="false">
		<property name="descriptorManager">com.neusoft.services.exception.ExceptionDescriptorManager</property>
	</bean>
	<bean name="com.neusoft.services.exception.ExceptionDescriptorManager" init-method="initialize" destroy-method="release" intercept="false">
		<property name="configFile">[\S]*.xml</property>
		<property name="configFolder">resource/exception</property>
		<property name="checkReload">true</property>
	</bean>
	
	<!-- template manager -->
	<bean name="com.neusoft.services.template.TemplateManager" class="com.neusoft.services.template.FreeMarkerTemplateManager" init-method="initialize" intercept="false">
		<property name="configFolder"></property>
		<property name="defaultEncoding">GBK</property>
		<property name="outputEncoding">UTF-8</property>
		<property name="updateDelay">0</property>
		<property name="localizedLookup">false</property>
	</bean>
	
	<!-- rowset descriptor manager -->
	<bean name="com.neusoft.rowset.RowSetDescriptorManager" class="com.neusoft.rowset.impl.RowSetDescriptorManagerImpl" intercept="false">
		<property name="checkReload">true</property>
		<property name="configFolder">resource/rowset/</property>
		<property name="sqlManager">com.neusoft.persistence.impl.sql.SQLManager</property>
		<property name="codingManager">com.neusoft.services.coding.CodingManager</property>
	</bean>

	<!-- statement descriptor manager -->
	<bean name="com.neusoft.persistence.statement.StatementDescriptorManager" class="com.neusoft.persistence.impl.statement.StatementDescriptorManagerImpl" intercept="false">
		<property name="checkReload">true</property>
		<property name="configFolder">resource/statement/</property>
		<property name="scriptManager">com.neusoft.persistence.impl.script.ScriptManager</property>
		<property name="codingManager">com.neusoft.services.coding.CodingManager</property>
	</bean>
	
	<!-- script manager -->
	<bean name="com.neusoft.persistence.impl.script.ScriptManager" init-method="initialize" intercept="false" />
	
	<!-- script provider -->
	<bean name="pattern" class="com.neusoft.persistence.impl.script.support.pattern.PatternScript" intercept="false" />
	<bean name="bsh" class="com.neusoft.persistence.impl.script.support.bsh.BeanShellScript" intercept="false" />
	<bean name="freemarker" class="com.neusoft.persistence.impl.script.support.freemarker.FreeMarkerScript" init-method="initialize" intercept="false">
		<property name="statementDescriptorManager">com.neusoft.persistence.statement.StatementDescriptorManager</property>
	</bean>

	<!-- database dialect -->
	<bean name="com.neusoft.persistence.impl.dialect.OracleDialect" intercept="false">
		<property name="sqlExceptionTranslator">com.neusoft.persistence.impl.dialect.SQLExceptionTranslator</property>
		<property name="timeSql">select systimestamp from dual</property>
		<property name="fetchSize">100</property>
	</bean>
	<bean name="com.neusoft.persistence.impl.dialect.WeblogicOracleDialect" intercept="false">
		<property name="sqlExceptionTranslator">com.neusoft.persistence.impl.dialect.SQLExceptionTranslator</property>
		<property name="fetchSize">100</property>
	</bean>
	<bean name="com.neusoft.persistence.impl.dialect.MySqlDialect" intercept="false">
		<property name="sqlExceptionTranslator">com.neusoft.persistence.impl.dialect.SQLExceptionTranslator</property>
		<property name="fetchSize">100</property>
	</bean>
	<bean name="com.neusoft.persistence.impl.dialect.DB2Dialect" intercept="false">
		<property name="sqlExceptionTranslator">com.neusoft.persistence.impl.dialect.SQLExceptionTranslator</property>
		<property name="fetchSize">100</property>
	</bean>
	<bean name="com.neusoft.persistence.impl.dialect.SybaseDialect" intercept="false">
	    <property name="sqlExceptionTranslator">com.neusoft.persistence.impl.dialect.SQLExceptionTranslator</property>
	    <property name="fetchSize">100</property>
	</bean>
	
	<!-- persistence -->
	<bean name="com.neusoft.persistence.PersistenceManager" class="com.neusoft.persistence.impl.PersistenceManagerImpl" intercept="false">
		<property name="defaultPool">core</property>
		<property name="systemPool">core_epsa</property>
		<property name="logAlteration">true</property>
		<property name="publishAlteration">true</property>
		<property name="sqlManager">com.neusoft.persistence.impl.sql.SQLManager</property>
		<property name="statementDescriptorManager">com.neusoft.persistence.statement.StatementDescriptorManager</property>
		<property name="rowSetDescriptorManager">com.neusoft.rowset.RowSetDescriptorManager</property>
		<property name="eventCenter">com.neusoft.services.event.EventCenter</property>
		<property name="maxResults">1000</property>
		<property name="eventTimeout">0</property>
		<property name="maxLogParametersCount">10</property>
	</bean>
	
	<bean name="com.neusoft.persistence.connection.ConnectionDispatcher" class="com.neusoft.persistence.impl.connection.ConnectionDispatcherImpl" intercept="false" />
	
	<!-- sql manager -->
	<bean name="com.neusoft.persistence.impl.sql.SQLManager" init-method="initialize" destroy-method="release" intercept="false">
		<property name="procedureCacheSize">10</property>
		<property name="selectCacheSize">100</property>
		<property name="updateCacheSize">100</property>
		<property name="selectStatementCacheSize">300</property>
		<property name="updateStatementCacheSize">300</property>
	</bean>

	<!-- jdbc transaction manager -->
	<bean name="com.neusoft.transaction.TransactionManager" class="com.neusoft.transaction.impl.JdbcTransactionManager" intercept="false" init-method="initialize">
		<property name="group">
			<value>core</value>
			<value>core_ac</value>
		</property>
		<property name="persistenceManager">com.neusoft.persistence.PersistenceManager</property>
		<property name="eventCenter">com.neusoft.services.event.EventCenter</property>
	</bean>
	
	<!-- component descriptor manager -->
	<bean name="com.neusoft.component.descriptor.ComponentDescriptorManager" class="com.neusoft.component.descriptor.impl.ComponentDescriptorManagerImpl" intercept="false">
		<property name="checkReload">true</property>
		<property name="configFolder">resource/component/</property>
	</bean>

	<!-- component dispatcher -->
	<bean name="com.neusoft.component.ComponentDispatcher" class="com.neusoft.component.ComponentDispatcherImpl" intercept="false" />

	<!-- component view -->
	<bean name="com.neusoft.component.view.AjaxView" intercept="false" />
	<bean name="com.neusoft.component.view.JnlpView" intercept="false" />
	<bean name="com.neusoft.component.view.UrlView" intercept="false">
		<property name="redirector">static/framework/redirect.jsp?path=</property>
	</bean>
	<bean name="com.neusoft.component.view.DownloadView" intercept="false">
		<property name="url">static/errorpage/error-download.jsp</property>
	</bean>
	
	<!-- request reader -->
	<bean name="com.neusoft.component.reader.JsonDataSetReader" intercept="false">
		<property name="rowSetDescriptorManager">com.neusoft.rowset.RowSetDescriptorManager</property>
	</bean>
	<bean name="com.neusoft.component.reader.XmlDataSetReader" intercept="false" />
	
	<!-- response writer -->
	<bean name="com.neusoft.component.writer.JsonDataSetWriter" intercept="false" />
	<bean name="com.neusoft.component.writer.XmlDataSetWriter" intercept="false" />
	
	<!-- login service -->
	<bean name="com.neusoft.security.login.LoginService" intercept="false" />
	
	<!-- sql exception transactor -->
	<bean name="com.neusoft.persistence.impl.dialect.SQLExceptionTranslator" intercept="false" />
	
	<!-- session filter -->
	<bean name="com.neusoft.services.cache.impl.SessionFilter" intercept="false" />
	
	<!-- message handler -->
	<bean name="com.neusoft.services.cache.impl.DictMessageHandler" intercept="false" />
	<bean name="com.neusoft.services.cache.impl.SessionMessageHandler" intercept="false">
		<property name="sessionFilter">com.neusoft.services.cache.impl.SessionFilter</property>
	</bean>
	<!-- remoting bean config -->
	<bean name="com.neusoft.commons.serializer.Serializer" class="com.neusoft.commons.serializer.support.StandardKryoSerializer" intercept="false" />
	<bean name="com.neusoft.commons.remoting.RemoteBeanProxyFactory" intercept="false" init-method="initialize"/>
	<bean name="com.neusoft.commons.remoting.support.InvokeContextFactory" intercept="false" />
	<bean name="com.neusoft.commons.remoting.BeanServlet" intercept="false">
		<property name="contextFactory">com.neusoft.commons.remoting.support.InvokeContextFactory</property>
		<property name="serializer">com.neusoft.commons.serializer.Serializer</property>
	</bean>
	
	<!-- zou.b appended at 20120130 -->
    <!-- check login permission for JYSell project 
    <bean name="ep.login.CheckYJPermissionModule" intercept="false">
        <property name="messageManager">com.neusoft.services.message.MessageManager</property>
        <property name="adminId">00134085</property>
    </bean>
	-->
</beans>