<?xml version="1.0" encoding="UTF-8"?>
<beans>
	<!-- request interceptor -->
	<bean name="ep.interceptor.MockLoginSubjectInterceptor" intercept="false">
		<property name="userId">00000000</property>
		<property name="userName">admin</property>
		<property name="deptId">0000000001</property>
		<property name="realName">测试用户</property>
		<property name="cityNo">21401</property>
	</bean>
	<bean name="ep.interceptor.CheckIdentifierInterceptor" intercept="false">
		<property name="timeout">-1</property>
		<property name="identifierManager">com.neusoft.security.IdentifierManager</property>
		<property name="securityManager">com.neusoft.security.SecurityManager</property>
		<property name="loginModuleTool">ep.bo.sainner.ILoginModuleTool</property>
	</bean>
	<bean name="ep.interceptor.AuthorizationInterceptor" intercept="false" />
	<bean name="ep.interceptor.ClearContextInterceptor" intercept="false">
		<property name="broadcastEvent">true</property>
		<property name="eventTimeout">3000</property>
		<property name="eventCenter">com.neusoft.services.event.EventCenter</property>
	</bean>
	<bean name="ep.interceptor.CheckLoginSubjectInterceptor" intercept="false" />
	<bean name="ep.interceptor.CheckSessionFilterInterceptor" intercept="false">
		<property name="sessionFilter">com.neusoft.services.cache.impl.SessionFilter</property>
	</bean>
	<bean name="ep.interceptor.RegisterContextInterceptor" intercept="false" />
	<bean name="ep.interceptor.CheckConcurrentInterceptor" intercept="false" />
	<bean name="ep.interceptor.CheckSchemeInterceptor" intercept="false" />
	<bean name="ep.interceptor.DispatchInterceptor" intercept="false" />
	<bean name="ep.interceptor.RegisterSourceResourceIntercepter" intercept="false">
		<property name="iResource" method="setIResource">ep.bo.sainner.IResource</property>
	</bean>
	
	<!-- event handler -->
	<bean name="ep.event.AlterationHandler" pool="core_epsa">
		<property name="type">alteration</property>
		<property name="batch">1</property>
		<method name="doBatch" propagation="REQUIRED" />
	</bean>
	<bean name="ep.event.CommandHandler" intercept="false">
		<property name="type">op</property>
		<property name="batch">1</property>
		<property name="poolName">core_epsa</property>
		<property name="persistenceManager">com.neusoft.persistence.PersistenceManager</property>
	</bean>
	<bean name="ep.event.ComponentRequestHandler" pool="core_epsa">
		<property name="type">component</property>
		<property name="batch">1</property>
		<method name="doBatch" propagation="REQUIRED" />
	</bean>
	<bean name="ep.event.ExceptionHandler" pool="core_epsa">
		<property name="type">exception</property>
		<property name="batch">1</property>
		<method name="doBatch" propagation="REQUIRED" />
	</bean>
	<bean name="ep.event.DataAlterationHandler" pool="core_epsa">
		<property name="type">permissionAlteration</property>
		<property name="batch">1</property>
		<method name="doBatch" propagation="REQUIRED" />
	</bean>
	<bean name="ep.event.LoginHandler" intercept="false">
		<property name="type">login</property>
		<property name="loginModuleTool">ep.bo.sainner.ILoginModuleTool</property>
	</bean>
	<!-- login module -->
	<bean name="ep.login.MockUserExistModule" intercept="false">
		<property name="userId">00000000</property>
		<property name="userName">manager</property>
		<property name="deptId">00000001</property>
		<property name="realName">manager</property>
	</bean>
	<bean name="ep.login.CheckAuthNumModule" intercept="false">
		<property name="loginModuleTool">ep.bo.sainner.ILoginModuleTool</property>
		<property name="messageManager">com.neusoft.services.message.MessageManager</property>
	</bean>
	<bean name="ep.login.CheckUserExistModule" intercept="false">
		<property name="securityManager">com.neusoft.security.SecurityManager</property>
		<property name="messageManager">com.neusoft.services.message.MessageManager</property>
	</bean>
	<bean name="ep.login.CheckUserStatusModule" intercept="false">
		<property name="iUser">ep.bo.saouter.IUser</property>
		<property name="loginModuleTool">ep.bo.sainner.ILoginModuleTool</property>
		<property name="messageManager">com.neusoft.services.message.MessageManager</property>
	</bean>
	
	<!-- zou.b appended at 20120130 -->
	<!-- check login permission for JYSell project -->
	
	<bean name="ep.login.CheckYJPermissionModule" intercept="false">
		<property name="messageManager">com.neusoft.services.message.MessageManager</property>
	</bean>
	
	
	
	<bean name="ep.login.CheckTryCountModule" intercept="false">
		<property name="loginModuleTool">ep.bo.sainner.ILoginModuleTool</property>
		<property name="userBo">ep.bo.saouter.IUser</property>
		<property name="messageManager">com.neusoft.services.message.MessageManager</property>
	</bean>
	<bean name="ep.login.CheckPasswordModule" intercept="false">
		<property name="messageManager">com.neusoft.services.message.MessageManager</property>
	</bean>
	<bean name="ep.login.CreateLoginSubjectModule" intercept="false" />
	<bean name="ep.login.CheckIpModule" intercept="false">
		<property name="loginModuleTool">ep.bo.sainner.ILoginModuleTool</property>
		<property name="messageManager">com.neusoft.services.message.MessageManager</property>
	</bean>
	<bean name="ep.login.CheckTimeModule" intercept="false">
		<property name="loginModuleTool">ep.bo.sainner.ILoginModuleTool</property>
		<property name="messageManager">com.neusoft.services.message.MessageManager</property>
	</bean>
	
	<bean name="ep.login.CheckTerminalCountForSessionModule" intercept="false">
		<property name="loginModuleTool">ep.bo.sainner.ILoginModuleTool</property>
		<property name="messageManager">com.neusoft.services.message.MessageManager</property>
	</bean>
	
	<bean name="ep.login.CheckUserCountForSessionModule" intercept="false">
		<property name="loginModuleTool">ep.bo.sainner.ILoginModuleTool</property>
		<property name="messageManager">com.neusoft.services.message.MessageManager</property>
	</bean>
	
	<bean name="ep.login.CheckUserCountForTerminalModule" intercept="false">
		<property name="loginModuleTool">ep.bo.sainner.ILoginModuleTool</property>
		<property name="messageManager">com.neusoft.services.message.MessageManager</property>
	</bean>
	
	<bean name="ep.login.RegisterLoginSubjectModule" intercept="false">
		<property name="eventCenter">com.neusoft.services.event.EventCenter</property>
		<property name="isDeleteLog">true</property>
	</bean>
	<bean name="ep.login.ClearSessionFilterModule" intercept="false">
		<property name="sessionFilter">com.neusoft.services.cache.impl.SessionFilter</property>
		<property name="iSession">ep.bo.sainner.ISession</property>
	</bean>
	<bean name="ep.login.CreateCookieModule" intercept="false">
		<property name="identifierManager">com.neusoft.security.IdentifierManager</property>
	</bean>
	<bean name="ep.login.WorkFlowModule" intercept="false">
		<property name="iWorkItem">ep.bo.workflow.IWorkItem</property>
	</bean>
	<bean name="ep.login.CheckPasswordChangeModule" intercept="false">
		<property name="loginModuleTool">ep.bo.sainner.ILoginModuleTool</property>
	</bean>
	<bean name="ep.login.CheckPasswordIntensityModule" intercept="false">
		<property name="iLoginModuleTool">ep.bo.sainner.ILoginModuleTool</property>
		<property name="iPassword">ep.bo.sainner.IPassword</property>
	</bean>
	<bean name="ep.login.CheckLoginSubjectModule" intercept="false">
		<property name="messageManager">com.neusoft.services.message.MessageManager</property>
	</bean>
	
	<!-- login listener -->
	<bean name="com.neusoft.security.login.LoginListener" class="ep.login.LoginListenerImpl" intercept="false">
		<property name="loginModuleTool">ep.bo.sainner.ILoginModuleTool</property>
	</bean>
	
	<!-- security -->
	<bean name="com.neusoft.security.SecurityManager" class="ep.security.SASecurityManager" pool="core_epsa">
	    <method name="getUserByName" propagation="SUPPORTS" />
	    <method name="getOrgByDeptId" propagation="SUPPORTS" />
	    <method name="getCityNoByOrgNo" propagation="SUPPORTS" />
	    <property name="iUserProfile">ep.bo.sainner.IUserProfile</property>
	</bean>
	<bean name="com.neusoft.component.security.ComponentAuthenticator" class="ep.security.SAComponentAuthenticator" intercept="false">
		<property name="iPermission">ep.bo.sainner.IPermission</property>
		<property name="iUser">ep.bo.saouter.IUser</property>
		<property name="iResource">ep.bo.sainner.IResource</property>
	</bean>
	
	<!-- identifier manager -->
	<bean name="com.neusoft.security.IdentifierManager" class="ep.security.IdentifierManagerImpl" intercept="false" />
    
    <!-- check identifier-->
    <bean name="ep.security.CheckIdentifier" class="ep.security.CheckIdentifier" intercept="false">
	    <property name="iSso">ep.bo.sainner.ISso</property>
	    <property name="securityManager">com.neusoft.security.SecurityManager</property>
	    <property name="identifierManager">com.neusoft.security.IdentifierManager</property>
	    <property name="checkInfo">
	    	<value name="appinfo">应用代码不存在</value>
	    	<value name="userinfo">用户名不存在</value>
	    	<value name="ipinfo">ip不匹配</value>
	    	<value name="logininfo">登陆异常</value>
	    	<value name="dentifiererr">身份认证信息格式错误</value>
	    	<value name="dentifiernotexist">身份认证信息为不存在</value>
	    </property>
	</bean>
	
    <bean name="ep.security.CheckSoIdentifier" class="ep.security.CheckSoIdentifier" intercept="false">
	    <property name="securityManager">com.neusoft.security.SecurityManager</property>
	    <property name="checkInfo">
	    	<value name="appinfo">应用代码不存在</value>
	    	<value name="userinfo">用户名不存在</value>
	    	<value name="ipinfo">ip不匹配</value>
	    	<value name="logininfo">登陆异常</value>
	    	<value name="dentifiererr">身份认证信息格式错误</value>
	    	<value name="dentifiernotexist">身份认证信息为不存在</value>
	    </property>
	</bean>
	
	<!-- services -->
	<bean name="ep.services.ClearSession" intercept="false">
		<property name="loginModuleTool">ep.bo.sainner.ILoginModuleTool</property>
		<!-- hour -->
		<property name="timeout">24</property>
	</bean>
	
	<bean name="ep.services.StopSession" intercept="false">
		<property name="iSession">ep.bo.sainner.ISession</property>
		<property name="sessionFitler">com.neusoft.services.cache.impl.SessionFilter</property>
		<property name="iUser">ep.bo.saouter.IUser</property>
	</bean>
	
	<bean name="ep.services.StopWorkflow" intercept="false">
	</bean>
	
	<bean name="ep.services.webgrid.WebGridDescriptorManager" intercept="false">
		<property name="checkReload">true</property>
		<property name="configFolder">resource/webgrid/</property>
	</bean>
	
	<!-- component custom info -->
	<bean name="com.neusoft.component.ComponentCustomManager" class="ep.boimpl.core.ComponentCustomManagerImpl" pool="core_epsa">
	    <method name="queryComponentCustomInfo" propagation="SUPPORTS" />
	    <method name="saveComponentCustomInfo" propagation="REQUIRED" />
	    <property name="iDept">ep.bo.saouter.IDept</property>
	</bean>
	
	<bean name="com.neusoft.services.monitor.DumpManager" intercept="false">
		<property name="dumpThreadCore">false</property>
		<property name="dumpThreadContext">true</property>
		<property name="dumpThreadStackTrace">true</property>
		<property name="interval">10000</property>
		<property name="times">1</property>
		<property name="fileDirectory">eptc</property>
	</bean>
	
	<bean name="com.neusoft.services.monitor.MonitorManager" intercept="false">
		<property name="checkInterval">1000</property>
		<property name="delay">10000</property>
	</bean>
	
	<bean name="com.neusoft.services.monitor.impl.weblogic9.Weblogic9Monitor" intercept="false" init-method="initialize" destroy-method="destroy">
		<property name="monitorConfigFile">monitor-weblogic9-config.xml</property>
		<property name="serverStateGate">10</property>
		<property name="fileDirectory">wsw92</property>
	</bean>
	
	<bean name="com.neusoft.services.monitor.impl.StandaloneMonitor" intercept="false" init-method="initialize">
		<property name="eventCenter">com.neusoft.services.event.EventCenter</property>
		<property name="poolAlias">core</property>
		<property name="monitorSystem">true</property>
		<property name="monitorSocket">false</property>
		<property name="monitorProxool">true</property>
	</bean>
	
	<bean name="ep.event.StandaloneMonitorHandler" pool="core_epsa">
		<property name="type">standalone</property>
		<property name="batch">1</property>
		<method name="doBatch" propagation="REQUIRED" />
	</bean>

	<bean name="com.neusoft.services.task.TaskEngine" intercept="false">
		<property name="checkInterval">30000</property>
		<property name="maxWait">60000</property>
		<property name="archiveTaskInstanceDays">10</property>
		<property name="developMode">false</property>
		<property name="taskOperator">ep.bo.sainner.ITask</property>
	</bean>
	<bean name="ep.bo.core.extquery.IDefaultParameter" class="ep.boimpl.sample.extquery.DefaultParameterImpl" intercept="false"/>
	<bean name="ep.bo.workflow.ITokenControl" class="ep.boimpl.workflow.DefaultTokenControlImpl"/>
	<bean name="ep.bo.core.conquery.ICustomConfigQuery" class="ep.boimpl.sample.conquery.CustomConfigQueryImpl" intercept="false"/>
	
	<!-- alteration -->
	<bean name="ep.alteration.message.send.MessageSender">
	</bean>
	<bean name="ep.alteration.message.server.MessageServer" class="ep.alteration.message.server.MessageServerImpl" init-method="initialize" destroy-method="destroy">
		<property name="maxCode">ep.bo.core.IMaxCode</property>
		<property name="maxThreadSize">50</property>
		<property name="timeoutSeconds">60</property>
		<property name="checker">ep.alteration.message.server.MessageChecker</property>
		<method name="saveMessage" propagation="REQUIRED"/>
		<method name="buildQueues" propagation="SUPPORTS"/>
	</bean>
	<bean name="ep.alteration.message.server.MessageRedirector" singleton="false">
		<method name="sendMessage" propagation="REQUIRED"/>
		<method name="update*" propagation="REQUIRED"/>
		<method name="setLock" propagation="SUPPORTS"/>
		<method name="query*" propagation="SUPPORTS"/>
	</bean>
	<bean name="ep.alteration.message.server.MessageChecker">
		<property name="sleepSeconds">600</property>
		<method name="checkMessage" propagation="REQUIRED"/>
	</bean>
	<bean name="ep.alteration.message.receive.MessageReceiver" class="ep.alteration.message.receive.MessageReceiverImpl">
		<method name="receive" propagation="REQUIRED"/>
		<method name="importData" propagation="REQUIRED"/>
		<method name="readFile" propagation="REQUIRED"/>
	</bean>
	<bean name="ep.alteration.message.receive.XmlHandler" singleton="false">
	</bean>
	<bean name="com.neusoft.persistence.AlterationPublisher" class="ep.alteration.sample.AlterationPublisherImpl" intercept="false">
		<property name="sender">ep.alteration.message.send.MessageSender</property>
	</bean>
	<bean name="ep.alteration.sample.SampleBo">
		<property name="folder">test1/alteration</property>
		<method name="query" propagation="SUPPORTS"/>
		<property name="sender">ep.alteration.message.send.MessageSender</property>
	</bean>
</beans>