<?xml version="1.0" encoding="UTF-8"?>

<beans>
	<bean name="ep.component.sainner.ComponentManageController" intercept="false">
		<property name="iModule" method="setIModule">ep.bo.saouter.IModule</property>
		<property name="iCmp" method="setICmp">ep.bo.sainner.ICmp</property>
		<property name="iResource" method="setIResource">ep.bo.sainner.IResource</property>
		<property name="iMaxCode">ep.bo.core.IMaxCode</property>
		<property name="iMenu" method="setIMenu">ep.bo.sainner.IMenu</property>
	</bean>
</beans>
