<?xml version="1.0" encoding="UTF-8"?>

<beans>
	<bean name="ep.component.sainner.DatascopeGroupRelaController" intercept="false">
		<property name="iUser" method="setIUser">ep.bo.saouter.IUser</property>
		<property name="iDept" method="setIDept">ep.bo.saouter.IDept</property>
		<property name="iDeptScope" method="setIDeptScope">ep.bo.saouter.IDeptScope</property>
		<property name="iDataScope" method="setIDataScope">ep.bo.saouter.IDataScope</property>
		<method name="loadGroupList" count="3" propagation="SUPPORTS"/>
	</bean>
</beans>
