<?xml version="1.0" encoding="UTF-8"?>

<beans>
	<bean name="ep.component.sainner.DeptscopeController" intercept="false">
		<property name="iUser" method="setIUser">ep.bo.saouter.IUser</property>
		<property name="iDeptScope" method="setIDeptScope">ep.bo.saouter.IDeptScope</property>
		<property name="iDept" method="setIDept">ep.bo.saouter.IDept</property>
		<property name="iBRole" method="setIBRole">ep.bo.saouter.IBRole</property>
		<property name="iModule" method="setIModule">ep.bo.saouter.IModule</property>
	</bean>
</beans>
