<?xml version="1.0" encoding="UTF-8"?>

<beans>
	<bean name="ep.component.sainner.DrillQueryController" intercept="false">
		<property name="iDrillQuery" method="setIDrillQuery">ep.bo.sainner.IDrillQuery</property>
		<property name="iUser" method="setIUser">ep.bo.saouter.IUser</property>
		<property name="iDrillQueryConfig" method="setIDrillQueryConfig">ep.bo.sainner.IDrillQueryConfig</property>
		<property name="iDept" method="setIDept">ep.bo.saouter.IDept</property>
		<property name="iReport" method="setIReport">ep.bo.sainner.IReport</property>
		<property name="iDrillXMLUtils" method="setIDrillXMLUtils">ep.bo.sainner.IDrillXMLUtils</property>
	</bean>
</beans>
