<?xml version="1.0" encoding="UTF-8"?>
<beans>
	<bean name="ep.component.sainner.FileManagerController">
		<method name="show*" propagation="SUPPORTS" />		
		<method name="save*" propagation="REQUIRED" />
		<method name="getFolderList" propagation="SUPPORTS" />		
		<method name="addFolder" propagation="REQUIRED" />
		<method name="reNameFolder" propagation="REQUIRED" />
		<method name="deleteFile" propagation="REQUIRED" />
		<method name="deleteFiles" propagation="REQUIRED" />		
		<method name="undoFile" propagation="REQUIRED" />
		<method name="undoFolder" propagation="REQUIRED" />
		<method name="clearFile" propagation="REQUIRED" />
		<method name="clearFolder" propagation="REQUIRED" />
		<method name="clearAllFile" propagation="REQUIRED" />
		<method name="clearFiles" propagation="REQUIRED" />		
		<method name="undoFiles" propagation="REQUIRED" />		
		<method name="paste" propagation="REQUIRED" />
		<method name="deleteFolder" propagation="REQUIRED" />
		<method name="addFile" propagation="REQUIRED" />				
		<property name="maxCode">ep.bo.core.IMaxCode</property>
		<property name="iUser" method="setIUser">ep.bo.saouter.IUser</property>
	</bean>
</beans>