<?xml version="1.0" encoding="UTF-8"?>

<beans>
	<bean name="ep.component.sainner.MenuManageController">
		<property name="menuBo">ep.bo.sainner.IMenu</property>
		<property name="maxCodeBo">ep.bo.core.IMaxCode</property>
		<property name="iFavorite" method="setIFavorite">ep.bo.sainner.IFavorite</property>
		<property name="iUser" method="setIUser">ep.bo.saouter.IUser</property>
		<property name="iDept" method="setIDept">ep.bo.saouter.IDept</property>
		<property name="iPermission" method="setIPermission">ep.bo.sainner.IPermission</property>
	</bean>
</beans>
