<?xml version="1.0" encoding="UTF-8"?>

<beans>
	<bean name="ep.component.sainner.MroleManageController">
		<property name="iModule" method="setIModule">ep.bo.saouter.IModule</property>
		<property name="iUser" method="setIUser">ep.bo.saouter.IUser</property>
		<property name="iMRole" method="setIMRole">ep.bo.sainner.IMRole</property>
		<property name="iDeptScope" method="setIDeptScope">ep.bo.saouter.IDeptScope</property>
		<property name="iDept" method="setIDept">ep.bo.saouter.IDept</property>
		<property name="iPermission" method="setIPermission">ep.bo.sainner.IPermission</property>
		<property name="iBRole" method="setIBRole">ep.bo.saouter.IBRole</property>
		<method name="showItem" propagation="SUPPORTS"/>
		<method name="selectUsersList" propagation="SUPPORTS"/>
		<method name="showUserEditDialog" propagation="SUPPORTS"/>
		<method name="showOrgEditDialog" propagation="SUPPORTS"/>
		<method name="showRoleEditDialog" propagation="SUPPORTS"/>
	</bean>
</beans>
