<?xml version="1.0" encoding="UTF-8"?>

<beans>
	<bean name="ep.component.sainner.PopedomEntrustUserController" intercept="false">
		<property name="iUser" method="setIUser">ep.bo.saouter.IUser</property>
		<property name="securityManager" method="setSecurityManager">com.neusoft.security.SecurityManager</property>
		<property name="iPopedomEntrust" method="setIPopedomEntrust">ep.bo.sainner.IPopedomEntrust</property>
		<property name="identifierManager">com.neusoft.security.IdentifierManager</property>
	</bean>
</beans>
