<?xml version="1.0" encoding="UTF-8"?>

<beans>
	<bean name="ep.component.sainner.ReportSemanticManagerController">
		<property name="iUser" method="setIUser">ep.bo.saouter.IUser</property>
		<property name="iDept" method="setIDept">ep.bo.saouter.IDept</property>
		<property name="iReportSemantic" method="setIReportSemantic">ep.bo.sainner.IReportSemantic</property>
		<property name="iMaxCode" method="setIMaxCode">ep.bo.core.IMaxCode</property>
		<property name="iJnlp" method="setIJnlp">ep.bo.sainner.IJnlp</property>
	</bean>
</beans>
