<?xml version="1.0" encoding="UTF-8"?>

<beans>
	<bean name="ep.component.sainner.ReportFacadeController" pool="core">
		<property name="iReportProject" method="setIReportProject">ep.bo.sainner.IReportProject</property>
		<property name="iMaxCode" method="setIMaxCode">ep.bo.core.IMaxCode</property>
		<property name="iUser" method="setIUser">ep.bo.saouter.IUser</property>
		<property name="iDept" method="setIDept">ep.bo.saouter.IDept</property>
		<property name="iReportFacade" method="setIReportFacade">ep.bo.sainner.IReportFacade</property>
		<property name="iReport" method="setIReport">ep.bo.sainner.IReport</property>
	</bean>
</beans>
