<?xml version="1.0" encoding="UTF-8"?>

<beans>
	<bean name="ep.component.sainner.ReportInfoManagerController" intercept="false">
		<property name="iModule" method="setIModule">ep.bo.saouter.IModule</property>
		<property name="iReport" method="setIReport">ep.bo.sainner.IReport</property>
		<property name="iReportTemplate" method="setIReportTemplate">ep.bo.sainner.IReportTemplate</property>
		<property name="iUser">ep.bo.saouter.IUser</property>
		<property name="iDept">ep.bo.saouter.IDept</property>
		<property name="iReportSemantic" method="setIReportSemantic">ep.bo.sainner.IReportSemantic</property>
		<property name="iReportVerify" method="setIReportVerify">ep.bo.sainner.IReportVerify</property>
	</bean>
</beans>
