<?xml version="1.0" encoding="UTF-8"?>

<beans>
	<bean name="ep.component.sainner.ReportInfoTemplateMapSelectController" intercept="false">
		<property name="iModule" method="setIModule">ep.bo.saouter.IModule</property>
		<property name="iReport" method="setIReport">ep.bo.sainner.IReport</property>
		<property name="iMaxCode" method="setIMaxCode">ep.bo.core.IMaxCode</property>
		<property name="iReportTemplate" method="setIReportTemplate">ep.bo.sainner.IReportTemplate</property>
		<property name="iUser">ep.bo.saouter.IUser</property>
		<property name="iDept">ep.bo.saouter.IDept</property>
	</bean>
</beans>
