<?xml version="1.0" encoding="UTF-8"?>

<beans>
	<bean name="ep.component.sainner.ResourceController" intercept="false">
		<property name="iLru" method="setILru">ep.bo.sainner.ILru</property>
		<property name="iPermission" method="setIPermission">ep.bo.sainner.IPermission</property>
		<property name="iUser" method="setIUser">ep.bo.saouter.IUser</property>
		<property name="iResource" method="setIResource">ep.bo.sainner.IResource</property>
		<property name="failPath">/static/errorpage/error-common.jsp</property>
		<property name="nopermitPath">/static/errorpage/error-nopermit.jsp</property>
		<property name="invalidPath">/static/errorpage/error-invalid.jsp</property>
	</bean>
</beans>
