<?xml version="1.0" encoding="UTF-8"?>

<beans>
	<bean name="ep.component.sainner.ResRlmController" intercept="false">
		<property name="iResource" method="setIResource">ep.bo.sainner.IResource</property>
		<property name="iCmp" method="setICmp">ep.bo.sainner.ICmp</property>
		<property name="iModule" method="setIModule">ep.bo.saouter.IModule</property>
		<property name="iMaxCode" method="setIMaxCode">ep.bo.core.IMaxCode</property>
		<property name="nopermitPath">/static/errorpage/error-nopermit.jsp</property>
	</bean>
</beans>
