<?xml version="1.0" encoding="UTF-8"?>

<beans>
	<bean name="ep.component.sainner.UserPasswordController" intercept="false">
		<property name="iUser" method="setIUser">ep.bo.saouter.IUser</property>
		<property name="iPassword" method="setIPassword">ep.bo.sainner.IPassword</property>
		<property name="iLoginModuleTool" method="setILoginModuleTool">ep.bo.sainner.ILoginModuleTool</property>
		<property name="messageManager">com.neusoft.services.message.MessageManager</property>
		<property name="iBRole" method="setIBRole">ep.bo.saouter.IBRole</property>
	</bean>
</beans>
