<?xml version="1.0" encoding="UTF-8"?>

<beans>
	<bean name="ep.component.sainner.UserManageController" intercept="false">
		<property name="iDept">ep.bo.saouter.IDept</property>
		<property name="iUser">ep.bo.saouter.IUser</property>
		<property name="iBRole" method="setIBRole">ep.bo.saouter.IBRole</property>
		<property name="iMRole" method="setIMRole">ep.bo.sainner.IMRole</property>
		<property name="iUserProfile" method="setIUserProfile">ep.bo.sainner.IUserProfile</property>
		<property name="iLoginModuleTool" method="setILoginModuleTool">ep.bo.sainner.ILoginModuleTool</property>
		<property name="iModule" method="setIModule">ep.bo.saouter.IModule</property>
		<property name="iDeptScope" method="setIDeptScope">ep.bo.saouter.IDeptScope</property>
		<property name="iCmp" method="setICmp">ep.bo.sainner.ICmp</property>
	</bean>
</beans>
